signal_id,label,station_id,duration_seconds,sample_rate_hz,public_reference,proxy_definition,split,sample_index,signal_mean,signal_std
noi_0000,noise,STA_00,60.0,20.0,proxy_curated_subset,background noise window,test,0,0.0,1.0
noi_0001,noise,STA_01,60.0,20.0,proxy_curated_subset,background noise window,test,1,1.2715657859985184e-08,1.0
noi_0002,noise,STA_02,60.0,20.0,proxy_curated_subset,background noise window,train,2,0.0,1.0
noi_0003,noise,STA_03,60.0,20.0,proxy_curated_subset,background noise window,train,3,0.0,1.0
noi_0004,noise,STA_04,60.0,20.0,proxy_curated_subset,background noise window,train,4,-3.178914464996296e-09,1.0
noi_0005,noise,STA_05,60.0,20.0,proxy_curated_subset,background noise window,test,5,1.2715657859985184e-08,1.0
noi_0006,noise,STA_06,60.0,20.0,proxy_curated_subset,background noise window,train,6,0.0,1.0
noi_0007,noise,STA_07,60.0,20.0,proxy_curated_subset,background noise window,train,7,0.0,1.0
noi_0008,noise,STA_08,60.0,20.0,proxy_curated_subset,background noise window,test,8,6.357828929992593e-09,1.0
noi_0009,noise,STA_09,60.0,20.0,proxy_curated_subset,background noise window,train,9,0.0,1.0
noi_0010,noise,STA_10,60.0,20.0,proxy_curated_subset,background noise window,train,10,0.0,1.0
noi_0011,noise,STA_11,60.0,20.0,proxy_curated_subset,background noise window,validation,11,2.543131571997037e-08,1.0
noi_0012,noise,STA_12,60.0,20.0,proxy_curated_subset,background noise window,train,12,0.0,1.0
noi_0013,noise,STA_13,60.0,20.0,proxy_curated_subset,background noise window,validation,13,-1.2715657859985184e-08,1.0
noi_0014,noise,STA_14,60.0,20.0,proxy_curated_subset,background noise window,validation,14,-3.178914464996296e-09,1.0
noi_0015,noise,STA_15,60.0,20.0,proxy_curated_subset,background noise window,train,15,-1.2715657859985184e-08,1.0
noi_0016,noise,STA_16,60.0,20.0,proxy_curated_subset,background noise window,train,16,-3.178914464996296e-09,1.0
noi_0017,noise,STA_17,60.0,20.0,proxy_curated_subset,background noise window,validation,17,-1.2715657859985184e-08,1.0
noi_0018,noise,STA_00,60.0,20.0,proxy_curated_subset,background noise window,test,18,0.0,0.9999999403953552
noi_0019,noise,STA_01,60.0,20.0,proxy_curated_subset,background noise window,test,19,0.0,1.0
noi_0020,noise,STA_02,60.0,20.0,proxy_curated_subset,background noise window,train,20,0.0,1.0
noi_0021,noise,STA_03,60.0,20.0,proxy_curated_subset,background noise window,train,21,-2.543131571997037e-08,1.0
noi_0022,noise,STA_04,60.0,20.0,proxy_curated_subset,background noise window,train,22,0.0,1.0
noi_0023,noise,STA_05,60.0,20.0,proxy_curated_subset,background noise window,test,23,0.0,1.0
noi_0024,noise,STA_06,60.0,20.0,proxy_curated_subset,background noise window,train,24,0.0,1.0
noi_0025,noise,STA_07,60.0,20.0,proxy_curated_subset,background noise window,train,25,0.0,1.0
noi_0026,noise,STA_08,60.0,20.0,proxy_curated_subset,background noise window,test,26,-6.357828929992593e-09,1.0
noi_0027,noise,STA_09,60.0,20.0,proxy_curated_subset,background noise window,train,27,0.0,1.0
noi_0028,noise,STA_10,60.0,20.0,proxy_curated_subset,background noise window,train,28,-3.178914464996296e-09,1.0
noi_0029,noise,STA_11,60.0,20.0,proxy_curated_subset,background noise window,validation,29,-1.2715657859985184e-08,1.0
noi_0030,noise,STA_12,60.0,20.0,proxy_curated_subset,background noise window,train,30,-6.357828929992593e-09,1.0
noi_0031,noise,STA_13,60.0,20.0,proxy_curated_subset,background noise window,validation,31,0.0,1.0
noi_0032,noise,STA_14,60.0,20.0,proxy_curated_subset,background noise window,validation,32,0.0,1.0
noi_0033,noise,STA_15,60.0,20.0,proxy_curated_subset,background noise window,train,33,0.0,1.0
noi_0034,noise,STA_16,60.0,20.0,proxy_curated_subset,background noise window,train,34,1.2715657859985184e-08,0.9999999403953552
noi_0035,noise,STA_17,60.0,20.0,proxy_curated_subset,background noise window,validation,35,-1.2715657859985184e-08,1.0
noi_0036,noise,STA_00,60.0,20.0,proxy_curated_subset,background noise window,test,36,0.0,1.0
noi_0037,noise,STA_01,60.0,20.0,proxy_curated_subset,background noise window,test,37,1.2715657859985184e-08,1.0
noi_0038,noise,STA_02,60.0,20.0,proxy_curated_subset,background noise window,train,38,-1.2715657859985184e-08,1.0
noi_0039,noise,STA_03,60.0,20.0,proxy_curated_subset,background noise window,train,39,0.0,0.9999999403953552
noi_0040,noise,STA_04,60.0,20.0,proxy_curated_subset,background noise window,train,40,-1.2715657859985184e-08,1.0
noi_0041,noise,STA_05,60.0,20.0,proxy_curated_subset,background noise window,test,41,4.7683714754498405e-09,1.0
noi_0042,noise,STA_06,60.0,20.0,proxy_curated_subset,background noise window,train,42,2.543131571997037e-08,1.0
noi_0043,noise,STA_07,60.0,20.0,proxy_curated_subset,background noise window,train,43,6.357828929992593e-09,1.0
noi_0044,noise,STA_08,60.0,20.0,proxy_curated_subset,background noise window,test,44,0.0,1.0
noi_0045,noise,STA_09,60.0,20.0,proxy_curated_subset,background noise window,train,45,6.357828929992593e-09,1.0
noi_0046,noise,STA_10,60.0,20.0,proxy_curated_subset,background noise window,train,46,0.0,1.0
noi_0047,noise,STA_11,60.0,20.0,proxy_curated_subset,background noise window,validation,47,0.0,1.0
noi_0048,noise,STA_12,60.0,20.0,proxy_curated_subset,background noise window,train,48,0.0,1.0
noi_0049,noise,STA_13,60.0,20.0,proxy_curated_subset,background noise window,validation,49,0.0,1.0
noi_0050,noise,STA_14,60.0,20.0,proxy_curated_subset,background noise window,validation,50,-1.589457232498148e-09,1.0
noi_0051,noise,STA_15,60.0,20.0,proxy_curated_subset,background noise window,train,51,0.0,1.0
noi_0052,noise,STA_16,60.0,20.0,proxy_curated_subset,background noise window,train,52,1.2715657859985184e-08,1.0
noi_0053,noise,STA_17,60.0,20.0,proxy_curated_subset,background noise window,validation,53,0.0,1.0
noi_0054,noise,STA_00,60.0,20.0,proxy_curated_subset,background noise window,test,54,-2.543131571997037e-08,1.0
noi_0055,noise,STA_01,60.0,20.0,proxy_curated_subset,background noise window,test,55,0.0,1.0
noi_0056,noise,STA_02,60.0,20.0,proxy_curated_subset,background noise window,train,56,0.0,1.0
noi_0057,noise,STA_03,60.0,20.0,proxy_curated_subset,background noise window,train,57,-6.357828929992593e-09,1.0
noi_0058,noise,STA_04,60.0,20.0,proxy_curated_subset,background noise window,train,58,0.0,1.0
noi_0059,noise,STA_05,60.0,20.0,proxy_curated_subset,background noise window,test,59,-1.2715657859985184e-08,1.0
noi_0060,noise,STA_06,60.0,20.0,proxy_curated_subset,background noise window,train,60,-1.2715657859985184e-08,1.0
noi_0061,noise,STA_07,60.0,20.0,proxy_curated_subset,background noise window,train,61,-6.357828929992593e-09,1.0
noi_0062,noise,STA_08,60.0,20.0,proxy_curated_subset,background noise window,test,62,0.0,0.9999999403953552
noi_0063,noise,STA_09,60.0,20.0,proxy_curated_subset,background noise window,train,63,1.2715657859985184e-08,1.0
noi_0064,noise,STA_10,60.0,20.0,proxy_curated_subset,background noise window,train,64,6.357828929992593e-09,1.0
noi_0065,noise,STA_11,60.0,20.0,proxy_curated_subset,background noise window,validation,65,-1.2715657859985184e-08,1.0
noi_0066,noise,STA_12,60.0,20.0,proxy_curated_subset,background noise window,train,66,6.357828929992593e-09,1.0
noi_0067,noise,STA_13,60.0,20.0,proxy_curated_subset,background noise window,validation,67,-1.2715657859985184e-08,1.0
noi_0068,noise,STA_14,60.0,20.0,proxy_curated_subset,background noise window,validation,68,0.0,1.0
noi_0069,noise,STA_15,60.0,20.0,proxy_curated_subset,background noise window,train,69,-2.543131571997037e-08,1.0
noi_0070,noise,STA_16,60.0,20.0,proxy_curated_subset,background noise window,train,70,-2.543131571997037e-08,1.0
noi_0071,noise,STA_17,60.0,20.0,proxy_curated_subset,background noise window,validation,71,0.0,1.0
noi_0072,noise,STA_00,60.0,20.0,proxy_curated_subset,background noise window,test,72,0.0,1.0
noi_0073,noise,STA_01,60.0,20.0,proxy_curated_subset,background noise window,test,73,6.357828929992593e-09,1.0
noi_0074,noise,STA_02,60.0,20.0,proxy_curated_subset,background noise window,train,74,0.0,1.0
noi_0075,noise,STA_03,60.0,20.0,proxy_curated_subset,background noise window,train,75,-1.2715657859985184e-08,1.0
noi_0076,noise,STA_04,60.0,20.0,proxy_curated_subset,background noise window,train,76,3.178914464996296e-09,1.0
noi_0077,noise,STA_05,60.0,20.0,proxy_curated_subset,background noise window,test,77,1.2715657859985184e-08,1.0
noi_0078,noise,STA_06,60.0,20.0,proxy_curated_subset,background noise window,train,78,6.357828929992593e-09,1.0
noi_0079,noise,STA_07,60.0,20.0,proxy_curated_subset,background noise window,train,79,1.2715657859985184e-08,1.0
noi_0080,noise,STA_08,60.0,20.0,proxy_curated_subset,background noise window,test,80,6.357828929992593e-09,1.0
noi_0081,noise,STA_09,60.0,20.0,proxy_curated_subset,background noise window,train,81,3.178914464996296e-09,1.0
noi_0082,noise,STA_10,60.0,20.0,proxy_curated_subset,background noise window,train,82,0.0,1.0
noi_0083,noise,STA_11,60.0,20.0,proxy_curated_subset,background noise window,validation,83,0.0,1.0
noi_0084,noise,STA_12,60.0,20.0,proxy_curated_subset,background noise window,train,84,-1.2715657859985184e-08,1.0
noi_0085,noise,STA_13,60.0,20.0,proxy_curated_subset,background noise window,validation,85,1.2715657859985184e-08,1.0
noi_0086,noise,STA_14,60.0,20.0,proxy_curated_subset,background noise window,validation,86,-9.536742950899681e-09,1.0
noi_0087,noise,STA_15,60.0,20.0,proxy_curated_subset,background noise window,train,87,-2.543131571997037e-08,1.0
noi_0088,noise,STA_16,60.0,20.0,proxy_curated_subset,background noise window,train,88,0.0,1.0
noi_0089,noise,STA_17,60.0,20.0,proxy_curated_subset,background noise window,validation,89,1.2715657859985184e-08,0.9999999403953552
noi_0090,noise,STA_00,60.0,20.0,proxy_curated_subset,background noise window,test,90,-2.543131571997037e-08,1.0
noi_0091,noise,STA_01,60.0,20.0,proxy_curated_subset,background noise window,test,91,-1.2715657859985184e-08,1.0
noi_0092,noise,STA_02,60.0,20.0,proxy_curated_subset,background noise window,train,92,0.0,1.0
noi_0093,noise,STA_03,60.0,20.0,proxy_curated_subset,background noise window,train,93,0.0,1.0
noi_0094,noise,STA_04,60.0,20.0,proxy_curated_subset,background noise window,train,94,0.0,1.0
noi_0095,noise,STA_05,60.0,20.0,proxy_curated_subset,background noise window,test,95,6.357828929992593e-09,1.0
noi_0096,noise,STA_06,60.0,20.0,proxy_curated_subset,background noise window,train,96,-2.543131571997037e-08,1.0
noi_0097,noise,STA_07,60.0,20.0,proxy_curated_subset,background noise window,train,97,0.0,1.0
noi_0098,noise,STA_08,60.0,20.0,proxy_curated_subset,background noise window,test,98,1.9073485901799362e-08,1.0
noi_0099,noise,STA_09,60.0,20.0,proxy_curated_subset,background noise window,train,99,0.0,1.0
noi_0100,noise,STA_10,60.0,20.0,proxy_curated_subset,background noise window,train,100,-6.357828929992593e-09,1.0
noi_0101,noise,STA_11,60.0,20.0,proxy_curated_subset,background noise window,validation,101,0.0,1.0
noi_0102,noise,STA_12,60.0,20.0,proxy_curated_subset,background noise window,train,102,0.0,1.0
noi_0103,noise,STA_13,60.0,20.0,proxy_curated_subset,background noise window,validation,103,-6.357828929992593e-09,1.0
noi_0104,noise,STA_14,60.0,20.0,proxy_curated_subset,background noise window,validation,104,1.589457232498148e-09,1.0
noi_0105,noise,STA_15,60.0,20.0,proxy_curated_subset,background noise window,train,105,0.0,1.0
noi_0106,noise,STA_16,60.0,20.0,proxy_curated_subset,background noise window,train,106,1.2715657859985184e-08,1.0
noi_0107,noise,STA_17,60.0,20.0,proxy_curated_subset,background noise window,validation,107,-3.178914464996296e-09,1.0
noi_0108,noise,STA_00,60.0,20.0,proxy_curated_subset,background noise window,test,108,0.0,1.0
noi_0109,noise,STA_01,60.0,20.0,proxy_curated_subset,background noise window,test,109,1.2715657859985184e-08,1.0
noi_0110,noise,STA_02,60.0,20.0,proxy_curated_subset,background noise window,train,110,-3.178914464996296e-09,1.0
noi_0111,noise,STA_03,60.0,20.0,proxy_curated_subset,background noise window,train,111,-6.357828929992593e-09,1.0
noi_0112,noise,STA_04,60.0,20.0,proxy_curated_subset,background noise window,train,112,1.2715657859985184e-08,1.0
noi_0113,noise,STA_05,60.0,20.0,proxy_curated_subset,background noise window,test,113,-6.357828929992593e-09,1.0
noi_0114,noise,STA_06,60.0,20.0,proxy_curated_subset,background noise window,train,114,0.0,0.9999999403953552
noi_0115,noise,STA_07,60.0,20.0,proxy_curated_subset,background noise window,train,115,-7.947286384535346e-09,1.0
noi_0116,noise,STA_08,60.0,20.0,proxy_curated_subset,background noise window,test,116,0.0,1.0
noi_0117,noise,STA_09,60.0,20.0,proxy_curated_subset,background noise window,train,117,2.3841857377249202e-09,1.0
noi_0118,noise,STA_10,60.0,20.0,proxy_curated_subset,background noise window,train,118,-1.2715657859985184e-08,1.0
noi_0119,noise,STA_11,60.0,20.0,proxy_curated_subset,background noise window,validation,119,1.2715657859985184e-08,1.0
noi_0120,noise,STA_12,60.0,20.0,proxy_curated_subset,background noise window,train,120,1.2715657859985184e-08,1.0
noi_0121,noise,STA_13,60.0,20.0,proxy_curated_subset,background noise window,validation,121,0.0,1.0
noi_0122,noise,STA_14,60.0,20.0,proxy_curated_subset,background noise window,validation,122,6.357828929992593e-09,1.0
noi_0123,noise,STA_15,60.0,20.0,proxy_curated_subset,background noise window,train,123,-6.357828929992593e-09,1.0
noi_0124,noise,STA_16,60.0,20.0,proxy_curated_subset,background noise window,train,124,0.0,1.0
noi_0125,noise,STA_17,60.0,20.0,proxy_curated_subset,background noise window,validation,125,-1.2715657859985184e-08,1.0
noi_0126,noise,STA_00,60.0,20.0,proxy_curated_subset,background noise window,test,126,-1.2715657859985184e-08,1.0
noi_0127,noise,STA_01,60.0,20.0,proxy_curated_subset,background noise window,test,127,0.0,1.0
noi_0128,noise,STA_02,60.0,20.0,proxy_curated_subset,background noise window,train,128,-6.357828929992593e-09,1.0
noi_0129,noise,STA_03,60.0,20.0,proxy_curated_subset,background noise window,train,129,0.0,1.0
noi_0130,noise,STA_04,60.0,20.0,proxy_curated_subset,background noise window,train,130,5.086263143994074e-08,1.0
noi_0131,noise,STA_05,60.0,20.0,proxy_curated_subset,background noise window,test,131,-1.9073485901799362e-08,1.0
noi_0132,noise,STA_06,60.0,20.0,proxy_curated_subset,background noise window,train,132,-1.2715657859985184e-08,1.0
noi_0133,noise,STA_07,60.0,20.0,proxy_curated_subset,background noise window,train,133,1.2715657859985184e-08,1.0
noi_0134,noise,STA_08,60.0,20.0,proxy_curated_subset,background noise window,test,134,-1.2715657859985184e-08,1.0
noi_0135,noise,STA_09,60.0,20.0,proxy_curated_subset,background noise window,train,135,-1.2715657859985184e-08,1.0
noi_0136,noise,STA_10,60.0,20.0,proxy_curated_subset,background noise window,train,136,1.2715657859985184e-08,1.0
noi_0137,noise,STA_11,60.0,20.0,proxy_curated_subset,background noise window,validation,137,-6.357828929992593e-09,1.0
noi_0138,noise,STA_12,60.0,20.0,proxy_curated_subset,background noise window,train,138,0.0,1.0
noi_0139,noise,STA_13,60.0,20.0,proxy_curated_subset,background noise window,validation,139,2.2252400810884865e-08,1.0
noi_0140,noise,STA_14,60.0,20.0,proxy_curated_subset,background noise window,validation,140,-1.2715657859985184e-08,1.0
noi_0141,noise,STA_15,60.0,20.0,proxy_curated_subset,background noise window,train,141,1.2715657859985184e-08,1.0
noi_0142,noise,STA_16,60.0,20.0,proxy_curated_subset,background noise window,train,142,1.2715657859985184e-08,1.0
noi_0143,noise,STA_17,60.0,20.0,proxy_curated_subset,background noise window,validation,143,-1.2715657859985184e-08,1.0
noi_0144,noise,STA_00,60.0,20.0,proxy_curated_subset,background noise window,test,144,6.357828929992593e-09,1.0
noi_0145,noise,STA_01,60.0,20.0,proxy_curated_subset,background noise window,test,145,0.0,1.0
noi_0146,noise,STA_02,60.0,20.0,proxy_curated_subset,background noise window,train,146,0.0,1.0
noi_0147,noise,STA_03,60.0,20.0,proxy_curated_subset,background noise window,train,147,2.543131571997037e-08,1.0
noi_0148,noise,STA_04,60.0,20.0,proxy_curated_subset,background noise window,train,148,0.0,1.0
noi_0149,noise,STA_05,60.0,20.0,proxy_curated_subset,background noise window,test,149,0.0,1.0
noi_0150,noise,STA_06,60.0,20.0,proxy_curated_subset,background noise window,train,150,-1.9073485901799362e-08,1.0
noi_0151,noise,STA_07,60.0,20.0,proxy_curated_subset,background noise window,train,151,1.2715657859985184e-08,1.0
noi_0152,noise,STA_08,60.0,20.0,proxy_curated_subset,background noise window,test,152,6.357828929992593e-09,1.0
noi_0153,noise,STA_09,60.0,20.0,proxy_curated_subset,background noise window,train,153,-9.536742950899681e-09,1.0
noi_0154,noise,STA_10,60.0,20.0,proxy_curated_subset,background noise window,train,154,-1.9073485901799362e-08,1.0
noi_0155,noise,STA_11,60.0,20.0,proxy_curated_subset,background noise window,validation,155,-2.543131571997037e-08,0.9999999403953552
noi_0156,noise,STA_12,60.0,20.0,proxy_curated_subset,background noise window,train,156,1.2715657859985184e-08,1.0
noi_0157,noise,STA_13,60.0,20.0,proxy_curated_subset,background noise window,validation,157,2.543131571997037e-08,1.0
noi_0158,noise,STA_14,60.0,20.0,proxy_curated_subset,background noise window,validation,158,0.0,1.0
noi_0159,noise,STA_15,60.0,20.0,proxy_curated_subset,background noise window,train,159,0.0,1.0
noi_0160,noise,STA_16,60.0,20.0,proxy_curated_subset,background noise window,train,160,2.543131571997037e-08,1.0
noi_0161,noise,STA_17,60.0,20.0,proxy_curated_subset,background noise window,validation,161,-1.2715657859985184e-08,1.0
noi_0162,noise,STA_00,60.0,20.0,proxy_curated_subset,background noise window,test,162,2.543131571997037e-08,1.0
noi_0163,noise,STA_01,60.0,20.0,proxy_curated_subset,background noise window,test,163,1.2715657859985184e-08,1.0
noi_0164,noise,STA_02,60.0,20.0,proxy_curated_subset,background noise window,train,164,-1.2715657859985184e-08,1.0
noi_0165,noise,STA_03,60.0,20.0,proxy_curated_subset,background noise window,train,165,-1.2715657859985184e-08,1.0
noi_0166,noise,STA_04,60.0,20.0,proxy_curated_subset,background noise window,train,166,0.0,1.0
noi_0167,noise,STA_05,60.0,20.0,proxy_curated_subset,background noise window,test,167,6.357828929992593e-09,1.0
noi_0168,noise,STA_06,60.0,20.0,proxy_curated_subset,background noise window,train,168,3.178914464996296e-09,1.0
noi_0169,noise,STA_07,60.0,20.0,proxy_curated_subset,background noise window,train,169,0.0,1.0
noi_0170,noise,STA_08,60.0,20.0,proxy_curated_subset,background noise window,test,170,0.0,1.0
noi_0171,noise,STA_09,60.0,20.0,proxy_curated_subset,background noise window,train,171,0.0,1.0
noi_0172,noise,STA_10,60.0,20.0,proxy_curated_subset,background noise window,train,172,0.0,1.0
noi_0173,noise,STA_11,60.0,20.0,proxy_curated_subset,background noise window,validation,173,-6.357828929992593e-09,1.0
noi_0174,noise,STA_12,60.0,20.0,proxy_curated_subset,background noise window,train,174,-1.2715657859985184e-08,1.0
noi_0175,noise,STA_13,60.0,20.0,proxy_curated_subset,background noise window,validation,175,-3.178914464996296e-09,1.0
noi_0176,noise,STA_14,60.0,20.0,proxy_curated_subset,background noise window,validation,176,1.1126200405442432e-08,1.0
noi_0177,noise,STA_15,60.0,20.0,proxy_curated_subset,background noise window,train,177,0.0,1.0
noi_0178,noise,STA_16,60.0,20.0,proxy_curated_subset,background noise window,train,178,-2.543131571997037e-08,1.0
noi_0179,noise,STA_17,60.0,20.0,proxy_curated_subset,background noise window,validation,179,0.0,1.0
noi_0180,noise,STA_00,60.0,20.0,proxy_curated_subset,background noise window,test,180,0.0,1.0
noi_0181,noise,STA_01,60.0,20.0,proxy_curated_subset,background noise window,test,181,-1.2715657859985184e-08,1.0
noi_0182,noise,STA_02,60.0,20.0,proxy_curated_subset,background noise window,train,182,0.0,1.0
noi_0183,noise,STA_03,60.0,20.0,proxy_curated_subset,background noise window,train,183,-6.357828929992593e-09,1.0
noi_0184,noise,STA_04,60.0,20.0,proxy_curated_subset,background noise window,train,184,-1.2715657859985184e-08,1.0
noi_0185,noise,STA_05,60.0,20.0,proxy_curated_subset,background noise window,test,185,9.536742950899681e-09,1.0
noi_0186,noise,STA_06,60.0,20.0,proxy_curated_subset,background noise window,train,186,-3.178914464996296e-09,1.0
noi_0187,noise,STA_07,60.0,20.0,proxy_curated_subset,background noise window,train,187,-9.536742950899681e-09,1.0
noi_0188,noise,STA_08,60.0,20.0,proxy_curated_subset,background noise window,test,188,-6.357828929992593e-09,1.0
noi_0189,noise,STA_09,60.0,20.0,proxy_curated_subset,background noise window,train,189,0.0,1.0
noi_0190,noise,STA_10,60.0,20.0,proxy_curated_subset,background noise window,train,190,0.0,1.0
noi_0191,noise,STA_11,60.0,20.0,proxy_curated_subset,background noise window,validation,191,0.0,1.0
noi_0192,noise,STA_12,60.0,20.0,proxy_curated_subset,background noise window,train,192,-6.357828929992593e-09,1.0
noi_0193,noise,STA_13,60.0,20.0,proxy_curated_subset,background noise window,validation,193,-1.2715657859985184e-08,0.9999999403953552
noi_0194,noise,STA_14,60.0,20.0,proxy_curated_subset,background noise window,validation,194,-1.2715657859985184e-08,1.0
noi_0195,noise,STA_15,60.0,20.0,proxy_curated_subset,background noise window,train,195,1.2715657859985184e-08,1.0
noi_0196,noise,STA_16,60.0,20.0,proxy_curated_subset,background noise window,train,196,1.589457232498148e-09,1.0
noi_0197,noise,STA_17,60.0,20.0,proxy_curated_subset,background noise window,validation,197,0.0,1.0
noi_0198,noise,STA_00,60.0,20.0,proxy_curated_subset,background noise window,test,198,6.357828929992593e-09,1.0
noi_0199,noise,STA_01,60.0,20.0,proxy_curated_subset,background noise window,test,199,-2.543131571997037e-08,1.0
noi_0200,noise,STA_02,60.0,20.0,proxy_curated_subset,background noise window,train,200,1.2715657859985184e-08,1.0
noi_0201,noise,STA_03,60.0,20.0,proxy_curated_subset,background noise window,train,201,3.178914464996296e-09,1.0
noi_0202,noise,STA_04,60.0,20.0,proxy_curated_subset,background noise window,train,202,6.357828929992593e-09,1.0
noi_0203,noise,STA_05,60.0,20.0,proxy_curated_subset,background noise window,test,203,-3.178914464996296e-09,1.0
noi_0204,noise,STA_06,60.0,20.0,proxy_curated_subset,background noise window,train,204,0.0,1.0
noi_0205,noise,STA_07,60.0,20.0,proxy_curated_subset,background noise window,train,205,0.0,0.9999999403953552
noi_0206,noise,STA_08,60.0,20.0,proxy_curated_subset,background noise window,test,206,6.357828929992593e-09,1.0
noi_0207,noise,STA_09,60.0,20.0,proxy_curated_subset,background noise window,train,207,-2.543131571997037e-08,1.0
noi_0208,noise,STA_10,60.0,20.0,proxy_curated_subset,background noise window,train,208,1.2715657859985184e-08,1.0
noi_0209,noise,STA_11,60.0,20.0,proxy_curated_subset,background noise window,validation,209,0.0,0.9999999403953552
noi_0210,noise,STA_12,60.0,20.0,proxy_curated_subset,background noise window,train,210,0.0,1.0
noi_0211,noise,STA_13,60.0,20.0,proxy_curated_subset,background noise window,validation,211,-6.357828929992593e-09,1.0
noi_0212,noise,STA_14,60.0,20.0,proxy_curated_subset,background noise window,validation,212,0.0,1.0
noi_0213,noise,STA_15,60.0,20.0,proxy_curated_subset,background noise window,train,213,-1.2715657859985184e-08,1.0
noi_0214,noise,STA_16,60.0,20.0,proxy_curated_subset,background noise window,train,214,4.7683714754498405e-09,1.0
noi_0215,noise,STA_17,60.0,20.0,proxy_curated_subset,background noise window,validation,215,0.0,1.0
noi_0216,noise,STA_00,60.0,20.0,proxy_curated_subset,background noise window,test,216,0.0,1.0
noi_0217,noise,STA_01,60.0,20.0,proxy_curated_subset,background noise window,test,217,1.2715657859985184e-08,1.0
noi_0218,noise,STA_02,60.0,20.0,proxy_curated_subset,background noise window,train,218,6.357828929992593e-09,1.0
noi_0219,noise,STA_03,60.0,20.0,proxy_curated_subset,background noise window,train,219,-2.543131571997037e-08,1.0
noi_0220,noise,STA_04,60.0,20.0,proxy_curated_subset,background noise window,train,220,-6.357828929992593e-09,1.0
noi_0221,noise,STA_05,60.0,20.0,proxy_curated_subset,background noise window,test,221,0.0,1.0
noi_0222,noise,STA_06,60.0,20.0,proxy_curated_subset,background noise window,train,222,-6.357828929992593e-09,1.0
noi_0223,noise,STA_07,60.0,20.0,proxy_curated_subset,background noise window,train,223,-6.357828929992593e-09,1.0
noi_0224,noise,STA_08,60.0,20.0,proxy_curated_subset,background noise window,test,224,-1.2715657859985184e-08,1.0
noi_0225,noise,STA_09,60.0,20.0,proxy_curated_subset,background noise window,train,225,6.357828929992593e-09,1.0
noi_0226,noise,STA_10,60.0,20.0,proxy_curated_subset,background noise window,train,226,0.0,1.0
noi_0227,noise,STA_11,60.0,20.0,proxy_curated_subset,background noise window,validation,227,0.0,1.0
noi_0228,noise,STA_12,60.0,20.0,proxy_curated_subset,background noise window,train,228,1.9073485901799362e-08,1.0
noi_0229,noise,STA_13,60.0,20.0,proxy_curated_subset,background noise window,validation,229,-6.357828929992593e-09,1.0
noi_0230,noise,STA_14,60.0,20.0,proxy_curated_subset,background noise window,validation,230,6.357828929992593e-09,1.0
noi_0231,noise,STA_15,60.0,20.0,proxy_curated_subset,background noise window,train,231,6.357828929992593e-09,1.0
noi_0232,noise,STA_16,60.0,20.0,proxy_curated_subset,background noise window,train,232,1.2715657859985184e-08,1.0
noi_0233,noise,STA_17,60.0,20.0,proxy_curated_subset,background noise window,validation,233,6.357828929992593e-09,1.0
noi_0234,noise,STA_00,60.0,20.0,proxy_curated_subset,background noise window,test,234,-1.5894572769070692e-08,1.0
noi_0235,noise,STA_01,60.0,20.0,proxy_curated_subset,background noise window,test,235,0.0,1.0
noi_0236,noise,STA_02,60.0,20.0,proxy_curated_subset,background noise window,train,236,6.357828929992593e-09,1.0
noi_0237,noise,STA_03,60.0,20.0,proxy_curated_subset,background noise window,train,237,0.0,1.0
noi_0238,noise,STA_04,60.0,20.0,proxy_curated_subset,background noise window,train,238,-1.2715657859985184e-08,1.0
noi_0239,noise,STA_05,60.0,20.0,proxy_curated_subset,background noise window,test,239,9.536742950899681e-09,1.0
mic_0000,microseisms,STA_03,60.0,20.0,proxy_curated_subset,surface-wave-dominated ambient window,train,240,6.357828929992593e-09,1.0
mic_0001,microseisms,STA_04,60.0,20.0,proxy_curated_subset,surface-wave-dominated ambient window,train,241,-1.2715657859985184e-08,1.0
mic_0002,microseisms,STA_05,60.0,20.0,proxy_curated_subset,surface-wave-dominated ambient window,test,242,-6.357828929992593e-09,0.9999999403953552
mic_0003,microseisms,STA_06,60.0,20.0,proxy_curated_subset,surface-wave-dominated ambient window,train,243,-1.2715657859985184e-08,1.0
mic_0004,microseisms,STA_07,60.0,20.0,proxy_curated_subset,surface-wave-dominated ambient window,train,244,0.0,1.0
mic_0005,microseisms,STA_08,60.0,20.0,proxy_curated_subset,surface-wave-dominated ambient window,test,245,-6.357828929992593e-09,1.0
mic_0006,microseisms,STA_09,60.0,20.0,proxy_curated_subset,surface-wave-dominated ambient window,train,246,-1.5894572769070692e-08,1.0
mic_0007,microseisms,STA_10,60.0,20.0,proxy_curated_subset,surface-wave-dominated ambient window,train,247,-4.7683714754498405e-09,1.0
mic_0008,microseisms,STA_11,60.0,20.0,proxy_curated_subset,surface-wave-dominated ambient window,validation,248,1.2715657859985184e-08,1.0
mic_0009,microseisms,STA_12,60.0,20.0,proxy_curated_subset,surface-wave-dominated ambient window,train,249,1.2715657859985184e-08,1.0
mic_0010,microseisms,STA_13,60.0,20.0,proxy_curated_subset,surface-wave-dominated ambient window,validation,250,3.178914464996296e-09,1.0
mic_0011,microseisms,STA_14,60.0,20.0,proxy_curated_subset,surface-wave-dominated ambient window,validation,251,0.0,1.0
mic_0012,microseisms,STA_15,60.0,20.0,proxy_curated_subset,surface-wave-dominated ambient window,train,252,6.357828929992593e-09,1.0
mic_0013,microseisms,STA_16,60.0,20.0,proxy_curated_subset,surface-wave-dominated ambient window,train,253,-3.178914464996296e-09,1.0
mic_0014,microseisms,STA_17,60.0,20.0,proxy_curated_subset,surface-wave-dominated ambient window,validation,254,6.357828929992593e-09,1.0
mic_0015,microseisms,STA_00,60.0,20.0,proxy_curated_subset,surface-wave-dominated ambient window,test,255,0.0,1.0
mic_0016,microseisms,STA_01,60.0,20.0,proxy_curated_subset,surface-wave-dominated ambient window,test,256,-6.357828929992593e-09,1.0
mic_0017,microseisms,STA_02,60.0,20.0,proxy_curated_subset,surface-wave-dominated ambient window,train,257,6.357828929992593e-09,1.0
mic_0018,microseisms,STA_03,60.0,20.0,proxy_curated_subset,surface-wave-dominated ambient window,train,258,3.178914464996296e-09,1.0
mic_0019,microseisms,STA_04,60.0,20.0,proxy_curated_subset,surface-wave-dominated ambient window,train,259,0.0,1.0
mic_0020,microseisms,STA_05,60.0,20.0,proxy_curated_subset,surface-wave-dominated ambient window,test,260,-1.589457232498148e-09,1.0
mic_0021,microseisms,STA_06,60.0,20.0,proxy_curated_subset,surface-wave-dominated ambient window,train,261,-2.543131571997037e-08,1.0
mic_0022,microseisms,STA_07,60.0,20.0,proxy_curated_subset,surface-wave-dominated ambient window,train,262,0.0,1.0
mic_0023,microseisms,STA_08,60.0,20.0,proxy_curated_subset,surface-wave-dominated ambient window,test,263,1.2715657859985184e-08,1.0
mic_0024,microseisms,STA_09,60.0,20.0,proxy_curated_subset,surface-wave-dominated ambient window,train,264,0.0,1.0
mic_0025,microseisms,STA_10,60.0,20.0,proxy_curated_subset,surface-wave-dominated ambient window,train,265,0.0,1.0
mic_0026,microseisms,STA_11,60.0,20.0,proxy_curated_subset,surface-wave-dominated ambient window,validation,266,1.9073485901799362e-08,1.0
mic_0027,microseisms,STA_12,60.0,20.0,proxy_curated_subset,surface-wave-dominated ambient window,train,267,6.357828929992593e-09,1.0
mic_0028,microseisms,STA_13,60.0,20.0,proxy_curated_subset,surface-wave-dominated ambient window,validation,268,6.357828929992593e-09,1.0
mic_0029,microseisms,STA_14,60.0,20.0,proxy_curated_subset,surface-wave-dominated ambient window,validation,269,3.178914464996296e-09,1.0
mic_0030,microseisms,STA_15,60.0,20.0,proxy_curated_subset,surface-wave-dominated ambient window,train,270,-6.357828929992593e-09,1.0
mic_0031,microseisms,STA_16,60.0,20.0,proxy_curated_subset,surface-wave-dominated ambient window,train,271,-3.178914464996296e-09,1.0
mic_0032,microseisms,STA_17,60.0,20.0,proxy_curated_subset,surface-wave-dominated ambient window,validation,272,-6.357828929992593e-09,1.0
mic_0033,microseisms,STA_00,60.0,20.0,proxy_curated_subset,surface-wave-dominated ambient window,test,273,3.178914464996296e-09,1.0
mic_0034,microseisms,STA_01,60.0,20.0,proxy_curated_subset,surface-wave-dominated ambient window,test,274,6.357828929992593e-09,1.0
mic_0035,microseisms,STA_02,60.0,20.0,proxy_curated_subset,surface-wave-dominated ambient window,train,275,-9.536742950899681e-09,1.0
mic_0036,microseisms,STA_03,60.0,20.0,proxy_curated_subset,surface-wave-dominated ambient window,train,276,6.357828929992593e-09,1.0
mic_0037,microseisms,STA_04,60.0,20.0,proxy_curated_subset,surface-wave-dominated ambient window,train,277,0.0,1.0
mic_0038,microseisms,STA_05,60.0,20.0,proxy_curated_subset,surface-wave-dominated ambient window,test,278,-6.357828929992593e-09,1.0
mic_0039,microseisms,STA_06,60.0,20.0,proxy_curated_subset,surface-wave-dominated ambient window,train,279,1.2715657859985184e-08,1.0
mic_0040,microseisms,STA_07,60.0,20.0,proxy_curated_subset,surface-wave-dominated ambient window,train,280,3.178914464996296e-09,1.0
mic_0041,microseisms,STA_08,60.0,20.0,proxy_curated_subset,surface-wave-dominated ambient window,test,281,-1.589457232498148e-09,1.0
mic_0042,microseisms,STA_09,60.0,20.0,proxy_curated_subset,surface-wave-dominated ambient window,train,282,-4.7683714754498405e-09,1.0
mic_0043,microseisms,STA_10,60.0,20.0,proxy_curated_subset,surface-wave-dominated ambient window,train,283,6.357828929992593e-09,1.0
mic_0044,microseisms,STA_11,60.0,20.0,proxy_curated_subset,surface-wave-dominated ambient window,validation,284,1.2715657859985184e-08,1.0
mic_0045,microseisms,STA_12,60.0,20.0,proxy_curated_subset,surface-wave-dominated ambient window,train,285,-6.357828929992593e-09,1.0
mic_0046,microseisms,STA_13,60.0,20.0,proxy_curated_subset,surface-wave-dominated ambient window,validation,286,-6.357828929992593e-09,1.0
mic_0047,microseisms,STA_14,60.0,20.0,proxy_curated_subset,surface-wave-dominated ambient window,validation,287,-6.357828929992593e-09,1.0
mic_0048,microseisms,STA_15,60.0,20.0,proxy_curated_subset,surface-wave-dominated ambient window,train,288,3.178914464996296e-09,1.0
mic_0049,microseisms,STA_16,60.0,20.0,proxy_curated_subset,surface-wave-dominated ambient window,train,289,6.357828929992593e-09,1.0
mic_0050,microseisms,STA_17,60.0,20.0,proxy_curated_subset,surface-wave-dominated ambient window,validation,290,3.178914464996296e-09,1.0
mic_0051,microseisms,STA_00,60.0,20.0,proxy_curated_subset,surface-wave-dominated ambient window,test,291,3.178914464996296e-09,1.0
mic_0052,microseisms,STA_01,60.0,20.0,proxy_curated_subset,surface-wave-dominated ambient window,test,292,1.2715657859985184e-08,1.0
mic_0053,microseisms,STA_02,60.0,20.0,proxy_curated_subset,surface-wave-dominated ambient window,train,293,3.178914464996296e-09,1.0
mic_0054,microseisms,STA_03,60.0,20.0,proxy_curated_subset,surface-wave-dominated ambient window,train,294,-1.2715657859985184e-08,1.0
mic_0055,microseisms,STA_04,60.0,20.0,proxy_curated_subset,surface-wave-dominated ambient window,train,295,-6.357828929992593e-09,1.0
mic_0056,microseisms,STA_05,60.0,20.0,proxy_curated_subset,surface-wave-dominated ambient window,test,296,1.2715657859985184e-08,1.0
mic_0057,microseisms,STA_06,60.0,20.0,proxy_curated_subset,surface-wave-dominated ambient window,train,297,-6.357828929992593e-09,1.0
mic_0058,microseisms,STA_07,60.0,20.0,proxy_curated_subset,surface-wave-dominated ambient window,train,298,3.178914464996296e-09,1.0
mic_0059,microseisms,STA_08,60.0,20.0,proxy_curated_subset,surface-wave-dominated ambient window,test,299,-6.357828929992593e-09,1.0
mic_0060,microseisms,STA_09,60.0,20.0,proxy_curated_subset,surface-wave-dominated ambient window,train,300,1.589457232498148e-09,1.0
mic_0061,microseisms,STA_10,60.0,20.0,proxy_curated_subset,surface-wave-dominated ambient window,train,301,0.0,1.0
mic_0062,microseisms,STA_11,60.0,20.0,proxy_curated_subset,surface-wave-dominated ambient window,validation,302,-7.947286384535346e-09,1.0
mic_0063,microseisms,STA_12,60.0,20.0,proxy_curated_subset,surface-wave-dominated ambient window,train,303,1.589457232498148e-09,1.0
mic_0064,microseisms,STA_13,60.0,20.0,proxy_curated_subset,surface-wave-dominated ambient window,validation,304,1.2715657859985184e-08,1.0
mic_0065,microseisms,STA_14,60.0,20.0,proxy_curated_subset,surface-wave-dominated ambient window,validation,305,-3.178914464996296e-09,1.0
mic_0066,microseisms,STA_15,60.0,20.0,proxy_curated_subset,surface-wave-dominated ambient window,train,306,-2.2252400810884865e-08,1.0
mic_0067,microseisms,STA_16,60.0,20.0,proxy_curated_subset,surface-wave-dominated ambient window,train,307,1.2715657859985184e-08,1.0
mic_0068,microseisms,STA_17,60.0,20.0,proxy_curated_subset,surface-wave-dominated ambient window,validation,308,-1.9073485901799362e-08,1.0
mic_0069,microseisms,STA_00,60.0,20.0,proxy_curated_subset,surface-wave-dominated ambient window,test,309,0.0,1.0
mic_0070,microseisms,STA_01,60.0,20.0,proxy_curated_subset,surface-wave-dominated ambient window,test,310,0.0,1.0
mic_0071,microseisms,STA_02,60.0,20.0,proxy_curated_subset,surface-wave-dominated ambient window,train,311,-6.357828929992593e-09,1.0
mic_0072,microseisms,STA_03,60.0,20.0,proxy_curated_subset,surface-wave-dominated ambient window,train,312,3.178914464996296e-09,1.0
mic_0073,microseisms,STA_04,60.0,20.0,proxy_curated_subset,surface-wave-dominated ambient window,train,313,-6.357828929992593e-09,1.0
mic_0074,microseisms,STA_05,60.0,20.0,proxy_curated_subset,surface-wave-dominated ambient window,test,314,-3.178914464996296e-09,0.9999999403953552
mic_0075,microseisms,STA_06,60.0,20.0,proxy_curated_subset,surface-wave-dominated ambient window,train,315,1.2715657859985184e-08,1.0
mic_0076,microseisms,STA_07,60.0,20.0,proxy_curated_subset,surface-wave-dominated ambient window,train,316,0.0,1.0
mic_0077,microseisms,STA_08,60.0,20.0,proxy_curated_subset,surface-wave-dominated ambient window,test,317,0.0,1.0
mic_0078,microseisms,STA_09,60.0,20.0,proxy_curated_subset,surface-wave-dominated ambient window,train,318,6.357828929992593e-09,1.0
mic_0079,microseisms,STA_10,60.0,20.0,proxy_curated_subset,surface-wave-dominated ambient window,train,319,-6.357828929992593e-09,1.0
mic_0080,microseisms,STA_11,60.0,20.0,proxy_curated_subset,surface-wave-dominated ambient window,validation,320,-9.536742950899681e-09,1.0
mic_0081,microseisms,STA_12,60.0,20.0,proxy_curated_subset,surface-wave-dominated ambient window,train,321,0.0,1.0
mic_0082,microseisms,STA_13,60.0,20.0,proxy_curated_subset,surface-wave-dominated ambient window,validation,322,1.2715657859985184e-08,1.0
mic_0083,microseisms,STA_14,60.0,20.0,proxy_curated_subset,surface-wave-dominated ambient window,validation,323,6.357828929992593e-09,1.0
mic_0084,microseisms,STA_15,60.0,20.0,proxy_curated_subset,surface-wave-dominated ambient window,train,324,6.357828929992593e-09,1.0
mic_0085,microseisms,STA_16,60.0,20.0,proxy_curated_subset,surface-wave-dominated ambient window,train,325,6.357828929992593e-09,1.0
mic_0086,microseisms,STA_17,60.0,20.0,proxy_curated_subset,surface-wave-dominated ambient window,validation,326,1.2715657859985184e-08,1.0
mic_0087,microseisms,STA_00,60.0,20.0,proxy_curated_subset,surface-wave-dominated ambient window,test,327,9.536742950899681e-09,1.0
mic_0088,microseisms,STA_01,60.0,20.0,proxy_curated_subset,surface-wave-dominated ambient window,test,328,-3.178914464996296e-09,1.0
mic_0089,microseisms,STA_02,60.0,20.0,proxy_curated_subset,surface-wave-dominated ambient window,train,329,6.357828929992593e-09,1.0
mic_0090,microseisms,STA_03,60.0,20.0,proxy_curated_subset,surface-wave-dominated ambient window,train,330,6.357828929992593e-09,1.0
mic_0091,microseisms,STA_04,60.0,20.0,proxy_curated_subset,surface-wave-dominated ambient window,train,331,0.0,1.0
mic_0092,microseisms,STA_05,60.0,20.0,proxy_curated_subset,surface-wave-dominated ambient window,test,332,-3.178914464996296e-09,1.0
mic_0093,microseisms,STA_06,60.0,20.0,proxy_curated_subset,surface-wave-dominated ambient window,train,333,1.2715657859985184e-08,1.0
mic_0094,microseisms,STA_07,60.0,20.0,proxy_curated_subset,surface-wave-dominated ambient window,train,334,0.0,1.0
mic_0095,microseisms,STA_08,60.0,20.0,proxy_curated_subset,surface-wave-dominated ambient window,test,335,9.536742950899681e-09,1.0
mic_0096,microseisms,STA_09,60.0,20.0,proxy_curated_subset,surface-wave-dominated ambient window,train,336,3.178914464996296e-09,1.0
mic_0097,microseisms,STA_10,60.0,20.0,proxy_curated_subset,surface-wave-dominated ambient window,train,337,1.2715657859985184e-08,1.0
mic_0098,microseisms,STA_11,60.0,20.0,proxy_curated_subset,surface-wave-dominated ambient window,validation,338,6.357828929992593e-09,1.0
mic_0099,microseisms,STA_12,60.0,20.0,proxy_curated_subset,surface-wave-dominated ambient window,train,339,3.178914464996296e-09,1.0
mic_0100,microseisms,STA_13,60.0,20.0,proxy_curated_subset,surface-wave-dominated ambient window,validation,340,0.0,1.0
mic_0101,microseisms,STA_14,60.0,20.0,proxy_curated_subset,surface-wave-dominated ambient window,validation,341,-6.357828929992593e-09,1.0
mic_0102,microseisms,STA_15,60.0,20.0,proxy_curated_subset,surface-wave-dominated ambient window,train,342,9.536742950899681e-09,1.0
mic_0103,microseisms,STA_16,60.0,20.0,proxy_curated_subset,surface-wave-dominated ambient window,train,343,1.2715657859985184e-08,1.0
mic_0104,microseisms,STA_17,60.0,20.0,proxy_curated_subset,surface-wave-dominated ambient window,validation,344,-6.357828929992593e-09,1.0
mic_0105,microseisms,STA_00,60.0,20.0,proxy_curated_subset,surface-wave-dominated ambient window,test,345,-3.178914464996296e-09,1.0
mic_0106,microseisms,STA_01,60.0,20.0,proxy_curated_subset,surface-wave-dominated ambient window,test,346,-6.357828929992593e-09,1.0
mic_0107,microseisms,STA_02,60.0,20.0,proxy_curated_subset,surface-wave-dominated ambient window,train,347,1.5894572769070692e-08,1.0
mic_0108,microseisms,STA_03,60.0,20.0,proxy_curated_subset,surface-wave-dominated ambient window,train,348,1.2715657859985184e-08,1.0
mic_0109,microseisms,STA_04,60.0,20.0,proxy_curated_subset,surface-wave-dominated ambient window,train,349,0.0,1.0
mic_0110,microseisms,STA_05,60.0,20.0,proxy_curated_subset,surface-wave-dominated ambient window,test,350,6.357828929992593e-09,1.0
mic_0111,microseisms,STA_06,60.0,20.0,proxy_curated_subset,surface-wave-dominated ambient window,train,351,-9.536742950899681e-09,1.0
mic_0112,microseisms,STA_07,60.0,20.0,proxy_curated_subset,surface-wave-dominated ambient window,train,352,-6.357828929992593e-09,1.0
mic_0113,microseisms,STA_08,60.0,20.0,proxy_curated_subset,surface-wave-dominated ambient window,test,353,6.357828929992593e-09,1.0
mic_0114,microseisms,STA_09,60.0,20.0,proxy_curated_subset,surface-wave-dominated ambient window,train,354,0.0,1.0
mic_0115,microseisms,STA_10,60.0,20.0,proxy_curated_subset,surface-wave-dominated ambient window,train,355,6.357828929992593e-09,1.0
mic_0116,microseisms,STA_11,60.0,20.0,proxy_curated_subset,surface-wave-dominated ambient window,validation,356,-6.357828929992593e-09,1.0
mic_0117,microseisms,STA_12,60.0,20.0,proxy_curated_subset,surface-wave-dominated ambient window,train,357,0.0,1.0
mic_0118,microseisms,STA_13,60.0,20.0,proxy_curated_subset,surface-wave-dominated ambient window,validation,358,3.178914464996296e-09,1.0
mic_0119,microseisms,STA_14,60.0,20.0,proxy_curated_subset,surface-wave-dominated ambient window,validation,359,1.2715657859985184e-08,1.0
mic_0120,microseisms,STA_15,60.0,20.0,proxy_curated_subset,surface-wave-dominated ambient window,train,360,1.5894572769070692e-08,1.0
mic_0121,microseisms,STA_16,60.0,20.0,proxy_curated_subset,surface-wave-dominated ambient window,train,361,-9.536742950899681e-09,1.0
mic_0122,microseisms,STA_17,60.0,20.0,proxy_curated_subset,surface-wave-dominated ambient window,validation,362,-6.357828929992593e-09,1.0
mic_0123,microseisms,STA_00,60.0,20.0,proxy_curated_subset,surface-wave-dominated ambient window,test,363,-1.2715657859985184e-08,1.0
mic_0124,microseisms,STA_01,60.0,20.0,proxy_curated_subset,surface-wave-dominated ambient window,test,364,9.536742950899681e-09,1.0
mic_0125,microseisms,STA_02,60.0,20.0,proxy_curated_subset,surface-wave-dominated ambient window,train,365,-6.357828929992593e-09,1.0
mic_0126,microseisms,STA_03,60.0,20.0,proxy_curated_subset,surface-wave-dominated ambient window,train,366,6.357828929992593e-09,1.0
mic_0127,microseisms,STA_04,60.0,20.0,proxy_curated_subset,surface-wave-dominated ambient window,train,367,-3.178914464996296e-09,1.0
mic_0128,microseisms,STA_05,60.0,20.0,proxy_curated_subset,surface-wave-dominated ambient window,test,368,-1.2715657859985184e-08,1.0
mic_0129,microseisms,STA_06,60.0,20.0,proxy_curated_subset,surface-wave-dominated ambient window,train,369,-6.357828929992593e-09,1.0
mic_0130,microseisms,STA_07,60.0,20.0,proxy_curated_subset,surface-wave-dominated ambient window,train,370,6.357828929992593e-09,1.0
mic_0131,microseisms,STA_08,60.0,20.0,proxy_curated_subset,surface-wave-dominated ambient window,test,371,-1.2715657859985184e-08,1.0
mic_0132,microseisms,STA_09,60.0,20.0,proxy_curated_subset,surface-wave-dominated ambient window,train,372,1.9073485901799362e-08,1.0
mic_0133,microseisms,STA_10,60.0,20.0,proxy_curated_subset,surface-wave-dominated ambient window,train,373,-7.947286384535346e-09,1.0
mic_0134,microseisms,STA_11,60.0,20.0,proxy_curated_subset,surface-wave-dominated ambient window,validation,374,-7.947286384535346e-09,1.0
mic_0135,microseisms,STA_12,60.0,20.0,proxy_curated_subset,surface-wave-dominated ambient window,train,375,3.178914464996296e-09,1.0
mic_0136,microseisms,STA_13,60.0,20.0,proxy_curated_subset,surface-wave-dominated ambient window,validation,376,-1.2715657859985184e-08,1.0
mic_0137,microseisms,STA_14,60.0,20.0,proxy_curated_subset,surface-wave-dominated ambient window,validation,377,9.536742950899681e-09,0.9999999403953552
mic_0138,microseisms,STA_15,60.0,20.0,proxy_curated_subset,surface-wave-dominated ambient window,train,378,0.0,1.0
mic_0139,microseisms,STA_16,60.0,20.0,proxy_curated_subset,surface-wave-dominated ambient window,train,379,-1.2715657859985184e-08,1.0
mic_0140,microseisms,STA_17,60.0,20.0,proxy_curated_subset,surface-wave-dominated ambient window,validation,380,1.1126200405442432e-08,1.0
mic_0141,microseisms,STA_00,60.0,20.0,proxy_curated_subset,surface-wave-dominated ambient window,test,381,0.0,1.0
mic_0142,microseisms,STA_01,60.0,20.0,proxy_curated_subset,surface-wave-dominated ambient window,test,382,0.0,1.0
mic_0143,microseisms,STA_02,60.0,20.0,proxy_curated_subset,surface-wave-dominated ambient window,train,383,9.536742950899681e-09,1.0
mic_0144,microseisms,STA_03,60.0,20.0,proxy_curated_subset,surface-wave-dominated ambient window,train,384,0.0,1.0
mic_0145,microseisms,STA_04,60.0,20.0,proxy_curated_subset,surface-wave-dominated ambient window,train,385,0.0,1.0
mic_0146,microseisms,STA_05,60.0,20.0,proxy_curated_subset,surface-wave-dominated ambient window,test,386,-1.2715657859985184e-08,1.0
mic_0147,microseisms,STA_06,60.0,20.0,proxy_curated_subset,surface-wave-dominated ambient window,train,387,6.357828929992593e-09,1.0
mic_0148,microseisms,STA_07,60.0,20.0,proxy_curated_subset,surface-wave-dominated ambient window,train,388,0.0,1.0
mic_0149,microseisms,STA_08,60.0,20.0,proxy_curated_subset,surface-wave-dominated ambient window,test,389,-6.357828929992593e-09,1.0
mic_0150,microseisms,STA_09,60.0,20.0,proxy_curated_subset,surface-wave-dominated ambient window,train,390,-6.357828929992593e-09,1.0
mic_0151,microseisms,STA_10,60.0,20.0,proxy_curated_subset,surface-wave-dominated ambient window,train,391,-1.589457232498148e-09,1.0
mic_0152,microseisms,STA_11,60.0,20.0,proxy_curated_subset,surface-wave-dominated ambient window,validation,392,-1.9073485901799362e-08,1.0
mic_0153,microseisms,STA_12,60.0,20.0,proxy_curated_subset,surface-wave-dominated ambient window,train,393,9.536742950899681e-09,1.0
mic_0154,microseisms,STA_13,60.0,20.0,proxy_curated_subset,surface-wave-dominated ambient window,validation,394,-6.357828929992593e-09,1.0
mic_0155,microseisms,STA_14,60.0,20.0,proxy_curated_subset,surface-wave-dominated ambient window,validation,395,-1.2715657859985184e-08,0.9999999403953552
mic_0156,microseisms,STA_15,60.0,20.0,proxy_curated_subset,surface-wave-dominated ambient window,train,396,0.0,1.0
mic_0157,microseisms,STA_16,60.0,20.0,proxy_curated_subset,surface-wave-dominated ambient window,train,397,6.357828929992593e-09,1.0
mic_0158,microseisms,STA_17,60.0,20.0,proxy_curated_subset,surface-wave-dominated ambient window,validation,398,-6.357828929992593e-09,1.0
mic_0159,microseisms,STA_00,60.0,20.0,proxy_curated_subset,surface-wave-dominated ambient window,test,399,3.178914464996296e-09,1.0
mic_0160,microseisms,STA_01,60.0,20.0,proxy_curated_subset,surface-wave-dominated ambient window,test,400,-6.357828929992593e-09,1.0
mic_0161,microseisms,STA_02,60.0,20.0,proxy_curated_subset,surface-wave-dominated ambient window,train,401,0.0,1.0
mic_0162,microseisms,STA_03,60.0,20.0,proxy_curated_subset,surface-wave-dominated ambient window,train,402,6.357828929992593e-09,1.0
mic_0163,microseisms,STA_04,60.0,20.0,proxy_curated_subset,surface-wave-dominated ambient window,train,403,-3.178914464996296e-09,1.0
mic_0164,microseisms,STA_05,60.0,20.0,proxy_curated_subset,surface-wave-dominated ambient window,test,404,-3.178914464996296e-09,1.0
mic_0165,microseisms,STA_06,60.0,20.0,proxy_curated_subset,surface-wave-dominated ambient window,train,405,-1.2715657859985184e-08,1.0
mic_0166,microseisms,STA_07,60.0,20.0,proxy_curated_subset,surface-wave-dominated ambient window,train,406,0.0,1.0
mic_0167,microseisms,STA_08,60.0,20.0,proxy_curated_subset,surface-wave-dominated ambient window,test,407,-9.536742950899681e-09,1.0
mic_0168,microseisms,STA_09,60.0,20.0,proxy_curated_subset,surface-wave-dominated ambient window,train,408,1.2715657859985184e-08,1.0
mic_0169,microseisms,STA_10,60.0,20.0,proxy_curated_subset,surface-wave-dominated ambient window,train,409,7.947286384535346e-09,1.0
mic_0170,microseisms,STA_11,60.0,20.0,proxy_curated_subset,surface-wave-dominated ambient window,validation,410,-1.5894572769070692e-08,1.0
mic_0171,microseisms,STA_12,60.0,20.0,proxy_curated_subset,surface-wave-dominated ambient window,train,411,1.2715657859985184e-08,0.9999999403953552
mic_0172,microseisms,STA_13,60.0,20.0,proxy_curated_subset,surface-wave-dominated ambient window,validation,412,-1.9073485901799362e-08,1.0
mic_0173,microseisms,STA_14,60.0,20.0,proxy_curated_subset,surface-wave-dominated ambient window,validation,413,1.2715657859985184e-08,1.0
mic_0174,microseisms,STA_15,60.0,20.0,proxy_curated_subset,surface-wave-dominated ambient window,train,414,-1.5894572769070692e-08,1.0
mic_0175,microseisms,STA_16,60.0,20.0,proxy_curated_subset,surface-wave-dominated ambient window,train,415,4.7683714754498405e-09,1.0
mic_0176,microseisms,STA_17,60.0,20.0,proxy_curated_subset,surface-wave-dominated ambient window,validation,416,-6.357828929992593e-09,1.0
mic_0177,microseisms,STA_00,60.0,20.0,proxy_curated_subset,surface-wave-dominated ambient window,test,417,6.357828929992593e-09,1.0
mic_0178,microseisms,STA_01,60.0,20.0,proxy_curated_subset,surface-wave-dominated ambient window,test,418,-3.178914464996296e-09,1.0
mic_0179,microseisms,STA_02,60.0,20.0,proxy_curated_subset,surface-wave-dominated ambient window,train,419,-1.9073485901799362e-08,1.0
mic_0180,microseisms,STA_03,60.0,20.0,proxy_curated_subset,surface-wave-dominated ambient window,train,420,3.178914464996296e-09,1.0
mic_0181,microseisms,STA_04,60.0,20.0,proxy_curated_subset,surface-wave-dominated ambient window,train,421,-3.178914464996296e-09,1.0
mic_0182,microseisms,STA_05,60.0,20.0,proxy_curated_subset,surface-wave-dominated ambient window,test,422,0.0,1.0
mic_0183,microseisms,STA_06,60.0,20.0,proxy_curated_subset,surface-wave-dominated ambient window,train,423,0.0,1.0
mic_0184,microseisms,STA_07,60.0,20.0,proxy_curated_subset,surface-wave-dominated ambient window,train,424,-6.357828929992593e-09,1.0
mic_0185,microseisms,STA_08,60.0,20.0,proxy_curated_subset,surface-wave-dominated ambient window,test,425,0.0,1.0
mic_0186,microseisms,STA_09,60.0,20.0,proxy_curated_subset,surface-wave-dominated ambient window,train,426,6.357828929992593e-09,1.0
mic_0187,microseisms,STA_10,60.0,20.0,proxy_curated_subset,surface-wave-dominated ambient window,train,427,6.357828929992593e-09,1.0
mic_0188,microseisms,STA_11,60.0,20.0,proxy_curated_subset,surface-wave-dominated ambient window,validation,428,-6.357828929992593e-09,1.0
mic_0189,microseisms,STA_12,60.0,20.0,proxy_curated_subset,surface-wave-dominated ambient window,train,429,6.357828929992593e-09,1.0
mic_0190,microseisms,STA_13,60.0,20.0,proxy_curated_subset,surface-wave-dominated ambient window,validation,430,0.0,1.0
mic_0191,microseisms,STA_14,60.0,20.0,proxy_curated_subset,surface-wave-dominated ambient window,validation,431,0.0,1.0
mic_0192,microseisms,STA_15,60.0,20.0,proxy_curated_subset,surface-wave-dominated ambient window,train,432,2.2252400810884865e-08,1.0
mic_0193,microseisms,STA_16,60.0,20.0,proxy_curated_subset,surface-wave-dominated ambient window,train,433,-1.2715657859985184e-08,1.0
mic_0194,microseisms,STA_17,60.0,20.0,proxy_curated_subset,surface-wave-dominated ambient window,validation,434,-3.178914464996296e-09,1.0
mic_0195,microseisms,STA_00,60.0,20.0,proxy_curated_subset,surface-wave-dominated ambient window,test,435,-3.178914464996296e-09,1.0
mic_0196,microseisms,STA_01,60.0,20.0,proxy_curated_subset,surface-wave-dominated ambient window,test,436,6.357828929992593e-09,1.0
mic_0197,microseisms,STA_02,60.0,20.0,proxy_curated_subset,surface-wave-dominated ambient window,train,437,0.0,1.0
mic_0198,microseisms,STA_03,60.0,20.0,proxy_curated_subset,surface-wave-dominated ambient window,train,438,1.2715657859985184e-08,1.0
mic_0199,microseisms,STA_04,60.0,20.0,proxy_curated_subset,surface-wave-dominated ambient window,train,439,-1.2715657859985184e-08,1.0
mic_0200,microseisms,STA_05,60.0,20.0,proxy_curated_subset,surface-wave-dominated ambient window,test,440,-1.589457232498148e-09,1.0
mic_0201,microseisms,STA_06,60.0,20.0,proxy_curated_subset,surface-wave-dominated ambient window,train,441,-3.178914464996296e-09,1.0
mic_0202,microseisms,STA_07,60.0,20.0,proxy_curated_subset,surface-wave-dominated ambient window,train,442,0.0,1.0
mic_0203,microseisms,STA_08,60.0,20.0,proxy_curated_subset,surface-wave-dominated ambient window,test,443,0.0,1.0
mic_0204,microseisms,STA_09,60.0,20.0,proxy_curated_subset,surface-wave-dominated ambient window,train,444,-6.357828929992593e-09,1.0
mic_0205,microseisms,STA_10,60.0,20.0,proxy_curated_subset,surface-wave-dominated ambient window,train,445,-3.178914464996296e-09,1.0
mic_0206,microseisms,STA_11,60.0,20.0,proxy_curated_subset,surface-wave-dominated ambient window,validation,446,3.178914464996296e-09,1.0
mic_0207,microseisms,STA_12,60.0,20.0,proxy_curated_subset,surface-wave-dominated ambient window,train,447,1.5894572769070692e-08,1.0
mic_0208,microseisms,STA_13,60.0,20.0,proxy_curated_subset,surface-wave-dominated ambient window,validation,448,-1.2715657859985184e-08,1.0
mic_0209,microseisms,STA_14,60.0,20.0,proxy_curated_subset,surface-wave-dominated ambient window,validation,449,0.0,1.0
mic_0210,microseisms,STA_15,60.0,20.0,proxy_curated_subset,surface-wave-dominated ambient window,train,450,-6.357828929992593e-09,1.0
mic_0211,microseisms,STA_16,60.0,20.0,proxy_curated_subset,surface-wave-dominated ambient window,train,451,0.0,1.0
mic_0212,microseisms,STA_17,60.0,20.0,proxy_curated_subset,surface-wave-dominated ambient window,validation,452,3.178914464996296e-09,1.0
mic_0213,microseisms,STA_00,60.0,20.0,proxy_curated_subset,surface-wave-dominated ambient window,test,453,1.9073485901799362e-08,1.0
mic_0214,microseisms,STA_01,60.0,20.0,proxy_curated_subset,surface-wave-dominated ambient window,test,454,-9.536742950899681e-09,1.0
mic_0215,microseisms,STA_02,60.0,20.0,proxy_curated_subset,surface-wave-dominated ambient window,train,455,9.536742950899681e-09,1.0
mic_0216,microseisms,STA_03,60.0,20.0,proxy_curated_subset,surface-wave-dominated ambient window,train,456,0.0,1.0
mic_0217,microseisms,STA_04,60.0,20.0,proxy_curated_subset,surface-wave-dominated ambient window,train,457,1.2715657859985184e-08,1.0
mic_0218,microseisms,STA_05,60.0,20.0,proxy_curated_subset,surface-wave-dominated ambient window,test,458,6.357828929992593e-09,1.0
mic_0219,microseisms,STA_06,60.0,20.0,proxy_curated_subset,surface-wave-dominated ambient window,train,459,6.357828929992593e-09,1.0
mic_0220,microseisms,STA_07,60.0,20.0,proxy_curated_subset,surface-wave-dominated ambient window,train,460,-3.178914464996296e-09,1.0
mic_0221,microseisms,STA_08,60.0,20.0,proxy_curated_subset,surface-wave-dominated ambient window,test,461,0.0,1.0
mic_0222,microseisms,STA_09,60.0,20.0,proxy_curated_subset,surface-wave-dominated ambient window,train,462,-1.430511442634952e-08,1.0
mic_0223,microseisms,STA_10,60.0,20.0,proxy_curated_subset,surface-wave-dominated ambient window,train,463,0.0,1.0
mic_0224,microseisms,STA_11,60.0,20.0,proxy_curated_subset,surface-wave-dominated ambient window,validation,464,6.357828929992593e-09,1.0
mic_0225,microseisms,STA_12,60.0,20.0,proxy_curated_subset,surface-wave-dominated ambient window,train,465,-1.2715657859985184e-08,1.0
mic_0226,microseisms,STA_13,60.0,20.0,proxy_curated_subset,surface-wave-dominated ambient window,validation,466,6.357828929992593e-09,1.0
mic_0227,microseisms,STA_14,60.0,20.0,proxy_curated_subset,surface-wave-dominated ambient window,validation,467,-6.357828929992593e-09,1.0
mic_0228,microseisms,STA_15,60.0,20.0,proxy_curated_subset,surface-wave-dominated ambient window,train,468,1.2715657859985184e-08,1.0
mic_0229,microseisms,STA_16,60.0,20.0,proxy_curated_subset,surface-wave-dominated ambient window,train,469,9.536742950899681e-09,1.0
mic_0230,microseisms,STA_17,60.0,20.0,proxy_curated_subset,surface-wave-dominated ambient window,validation,470,-3.178914464996296e-09,1.0
mic_0231,microseisms,STA_00,60.0,20.0,proxy_curated_subset,surface-wave-dominated ambient window,test,471,0.0,1.0
mic_0232,microseisms,STA_01,60.0,20.0,proxy_curated_subset,surface-wave-dominated ambient window,test,472,-1.9073485901799362e-08,1.0
mic_0233,microseisms,STA_02,60.0,20.0,proxy_curated_subset,surface-wave-dominated ambient window,train,473,7.947286384535346e-09,1.0
mic_0234,microseisms,STA_03,60.0,20.0,proxy_curated_subset,surface-wave-dominated ambient window,train,474,3.178914464996296e-09,1.0
mic_0235,microseisms,STA_04,60.0,20.0,proxy_curated_subset,surface-wave-dominated ambient window,train,475,6.357828929992593e-09,1.0
mic_0236,microseisms,STA_05,60.0,20.0,proxy_curated_subset,surface-wave-dominated ambient window,test,476,6.357828929992593e-09,1.0
mic_0237,microseisms,STA_06,60.0,20.0,proxy_curated_subset,surface-wave-dominated ambient window,train,477,0.0,1.0
mic_0238,microseisms,STA_07,60.0,20.0,proxy_curated_subset,surface-wave-dominated ambient window,train,478,0.0,1.0
mic_0239,microseisms,STA_08,60.0,20.0,proxy_curated_subset,surface-wave-dominated ambient window,test,479,-9.536742950899681e-09,1.0
ear_0000,earthquakes,STA_06,60.0,20.0,proxy_curated_subset,earthquake event,train,480,-3.178914464996296e-09,1.0
ear_0001,earthquakes,STA_07,60.0,20.0,proxy_curated_subset,earthquake event,train,481,4.7683714754498405e-09,1.0
ear_0002,earthquakes,STA_08,60.0,20.0,proxy_curated_subset,earthquake event,test,482,0.0,1.0
ear_0003,earthquakes,STA_09,60.0,20.0,proxy_curated_subset,earthquake event,train,483,7.94728616249074e-10,1.0
ear_0004,earthquakes,STA_10,60.0,20.0,proxy_curated_subset,earthquake event,train,484,-3.178914464996296e-09,1.0
ear_0005,earthquakes,STA_11,60.0,20.0,proxy_curated_subset,earthquake event,validation,485,0.0,1.0
ear_0006,earthquakes,STA_12,60.0,20.0,proxy_curated_subset,earthquake event,train,486,4.7683714754498405e-09,1.0
ear_0007,earthquakes,STA_13,60.0,20.0,proxy_curated_subset,earthquake event,validation,487,-1.589457232498148e-09,1.0
ear_0008,earthquakes,STA_14,60.0,20.0,proxy_curated_subset,earthquake event,validation,488,3.178914464996296e-09,1.0
ear_0009,earthquakes,STA_15,60.0,20.0,proxy_curated_subset,earthquake event,train,489,-3.178914464996296e-09,1.0
ear_0010,earthquakes,STA_16,60.0,20.0,proxy_curated_subset,earthquake event,train,490,-6.357828929992593e-09,1.0
ear_0011,earthquakes,STA_17,60.0,20.0,proxy_curated_subset,earthquake event,validation,491,-1.589457232498148e-09,1.0
ear_0012,earthquakes,STA_00,60.0,20.0,proxy_curated_subset,earthquake event,test,492,0.0,1.0
ear_0013,earthquakes,STA_01,60.0,20.0,proxy_curated_subset,earthquake event,test,493,-6.357828929992593e-09,1.0
ear_0014,earthquakes,STA_02,60.0,20.0,proxy_curated_subset,earthquake event,train,494,3.973643192267673e-09,1.0
ear_0015,earthquakes,STA_03,60.0,20.0,proxy_curated_subset,earthquake event,train,495,-3.178914464996296e-09,1.0
ear_0016,earthquakes,STA_04,60.0,20.0,proxy_curated_subset,earthquake event,train,496,4.7683714754498405e-09,1.0
ear_0017,earthquakes,STA_05,60.0,20.0,proxy_curated_subset,earthquake event,test,497,0.0,1.0
ear_0018,earthquakes,STA_06,60.0,20.0,proxy_curated_subset,earthquake event,train,498,0.0,0.9999999403953552
ear_0019,earthquakes,STA_07,60.0,20.0,proxy_curated_subset,earthquake event,train,499,0.0,1.0
ear_0020,earthquakes,STA_08,60.0,20.0,proxy_curated_subset,earthquake event,test,500,3.178914464996296e-09,1.0
ear_0021,earthquakes,STA_09,60.0,20.0,proxy_curated_subset,earthquake event,train,501,7.94728616249074e-10,1.0
ear_0022,earthquakes,STA_10,60.0,20.0,proxy_curated_subset,earthquake event,train,502,-1.589457232498148e-09,1.0
ear_0023,earthquakes,STA_11,60.0,20.0,proxy_curated_subset,earthquake event,validation,503,-3.178914464996296e-09,1.0
ear_0024,earthquakes,STA_12,60.0,20.0,proxy_curated_subset,earthquake event,train,504,4.7683714754498405e-09,1.0
ear_0025,earthquakes,STA_13,60.0,20.0,proxy_curated_subset,earthquake event,validation,505,6.357828929992593e-09,1.0
ear_0026,earthquakes,STA_14,60.0,20.0,proxy_curated_subset,earthquake event,validation,506,0.0,1.0
ear_0027,earthquakes,STA_15,60.0,20.0,proxy_curated_subset,earthquake event,train,507,4.7683714754498405e-09,1.0
ear_0028,earthquakes,STA_16,60.0,20.0,proxy_curated_subset,earthquake event,train,508,0.0,1.0
ear_0029,earthquakes,STA_17,60.0,20.0,proxy_curated_subset,earthquake event,validation,509,6.357828929992593e-09,1.0
ear_0030,earthquakes,STA_00,60.0,20.0,proxy_curated_subset,earthquake event,test,510,3.178914464996296e-09,1.0
ear_0031,earthquakes,STA_01,60.0,20.0,proxy_curated_subset,earthquake event,test,511,0.0,1.0
ear_0032,earthquakes,STA_02,60.0,20.0,proxy_curated_subset,earthquake event,train,512,0.0,1.0
ear_0033,earthquakes,STA_03,60.0,20.0,proxy_curated_subset,earthquake event,train,513,0.0,1.0
ear_0034,earthquakes,STA_04,60.0,20.0,proxy_curated_subset,earthquake event,train,514,4.7683714754498405e-09,1.0
ear_0035,earthquakes,STA_05,60.0,20.0,proxy_curated_subset,earthquake event,test,515,0.0,1.0
ear_0036,earthquakes,STA_06,60.0,20.0,proxy_curated_subset,earthquake event,train,516,4.7683714754498405e-09,1.0
ear_0037,earthquakes,STA_07,60.0,20.0,proxy_curated_subset,earthquake event,train,517,-1.589457232498148e-09,1.0
ear_0038,earthquakes,STA_08,60.0,20.0,proxy_curated_subset,earthquake event,test,518,6.357828929992593e-09,1.0
ear_0039,earthquakes,STA_09,60.0,20.0,proxy_curated_subset,earthquake event,train,519,7.94728616249074e-10,0.9999999403953552
ear_0040,earthquakes,STA_10,60.0,20.0,proxy_curated_subset,earthquake event,train,520,0.0,0.9999999403953552
ear_0041,earthquakes,STA_11,60.0,20.0,proxy_curated_subset,earthquake event,validation,521,-1.589457232498148e-09,1.0
ear_0042,earthquakes,STA_12,60.0,20.0,proxy_curated_subset,earthquake event,train,522,-6.357828929992593e-09,1.0
ear_0043,earthquakes,STA_13,60.0,20.0,proxy_curated_subset,earthquake event,validation,523,-3.178914464996296e-09,1.0
ear_0044,earthquakes,STA_14,60.0,20.0,proxy_curated_subset,earthquake event,validation,524,0.0,1.0
ear_0045,earthquakes,STA_15,60.0,20.0,proxy_curated_subset,earthquake event,train,525,9.536742950899681e-09,1.0
ear_0046,earthquakes,STA_16,60.0,20.0,proxy_curated_subset,earthquake event,train,526,1.589457232498148e-09,1.0
ear_0047,earthquakes,STA_17,60.0,20.0,proxy_curated_subset,earthquake event,validation,527,-3.178914464996296e-09,1.0
ear_0048,earthquakes,STA_00,60.0,20.0,proxy_curated_subset,earthquake event,test,528,0.0,1.0
ear_0049,earthquakes,STA_01,60.0,20.0,proxy_curated_subset,earthquake event,test,529,-1.589457232498148e-09,1.0
ear_0050,earthquakes,STA_02,60.0,20.0,proxy_curated_subset,earthquake event,train,530,4.7683714754498405e-09,1.0
ear_0051,earthquakes,STA_03,60.0,20.0,proxy_curated_subset,earthquake event,train,531,0.0,1.0
ear_0052,earthquakes,STA_04,60.0,20.0,proxy_curated_subset,earthquake event,train,532,0.0,0.9999999403953552
ear_0053,earthquakes,STA_05,60.0,20.0,proxy_curated_subset,earthquake event,test,533,0.0,1.0
ear_0054,earthquakes,STA_06,60.0,20.0,proxy_curated_subset,earthquake event,train,534,0.0,1.0
ear_0055,earthquakes,STA_07,60.0,20.0,proxy_curated_subset,earthquake event,train,535,0.0,1.0
ear_0056,earthquakes,STA_08,60.0,20.0,proxy_curated_subset,earthquake event,test,536,7.94728616249074e-10,1.0
ear_0057,earthquakes,STA_09,60.0,20.0,proxy_curated_subset,earthquake event,train,537,0.0,1.0
ear_0058,earthquakes,STA_10,60.0,20.0,proxy_curated_subset,earthquake event,train,538,3.178914464996296e-09,1.0
ear_0059,earthquakes,STA_11,60.0,20.0,proxy_curated_subset,earthquake event,validation,539,0.0,1.0
ear_0060,earthquakes,STA_12,60.0,20.0,proxy_curated_subset,earthquake event,train,540,0.0,1.0
ear_0061,earthquakes,STA_13,60.0,20.0,proxy_curated_subset,earthquake event,validation,541,-3.178914464996296e-09,1.0
ear_0062,earthquakes,STA_14,60.0,20.0,proxy_curated_subset,earthquake event,validation,542,2.3841857377249202e-09,1.0
ear_0063,earthquakes,STA_15,60.0,20.0,proxy_curated_subset,earthquake event,train,543,1.589457232498148e-09,1.0
ear_0064,earthquakes,STA_16,60.0,20.0,proxy_curated_subset,earthquake event,train,544,1.589457232498148e-09,1.0
ear_0065,earthquakes,STA_17,60.0,20.0,proxy_curated_subset,earthquake event,validation,545,0.0,1.0
ear_0066,earthquakes,STA_00,60.0,20.0,proxy_curated_subset,earthquake event,test,546,-6.357828929992593e-09,1.0
ear_0067,earthquakes,STA_01,60.0,20.0,proxy_curated_subset,earthquake event,test,547,1.589457232498148e-09,1.0
ear_0068,earthquakes,STA_02,60.0,20.0,proxy_curated_subset,earthquake event,train,548,0.0,1.0
ear_0069,earthquakes,STA_03,60.0,20.0,proxy_curated_subset,earthquake event,train,549,0.0,1.0
ear_0070,earthquakes,STA_04,60.0,20.0,proxy_curated_subset,earthquake event,train,550,-3.178914464996296e-09,1.0
ear_0071,earthquakes,STA_05,60.0,20.0,proxy_curated_subset,earthquake event,test,551,6.357828929992593e-09,1.0
ear_0072,earthquakes,STA_06,60.0,20.0,proxy_curated_subset,earthquake event,train,552,-4.7683714754498405e-09,1.0
ear_0073,earthquakes,STA_07,60.0,20.0,proxy_curated_subset,earthquake event,train,553,3.178914464996296e-09,1.0
ear_0074,earthquakes,STA_08,60.0,20.0,proxy_curated_subset,earthquake event,test,554,-6.357828929992593e-09,1.0
ear_0075,earthquakes,STA_09,60.0,20.0,proxy_curated_subset,earthquake event,train,555,-1.589457232498148e-09,0.9999999403953552
ear_0076,earthquakes,STA_10,60.0,20.0,proxy_curated_subset,earthquake event,train,556,3.178914464996296e-09,1.0
ear_0077,earthquakes,STA_11,60.0,20.0,proxy_curated_subset,earthquake event,validation,557,0.0,1.0
ear_0078,earthquakes,STA_12,60.0,20.0,proxy_curated_subset,earthquake event,train,558,-4.7683714754498405e-09,1.0
ear_0079,earthquakes,STA_13,60.0,20.0,proxy_curated_subset,earthquake event,validation,559,3.973643192267673e-09,1.0
ear_0080,earthquakes,STA_14,60.0,20.0,proxy_curated_subset,earthquake event,validation,560,1.589457232498148e-09,1.0
ear_0081,earthquakes,STA_15,60.0,20.0,proxy_curated_subset,earthquake event,train,561,3.178914464996296e-09,0.9999999403953552
ear_0082,earthquakes,STA_16,60.0,20.0,proxy_curated_subset,earthquake event,train,562,-1.589457232498148e-09,1.0
ear_0083,earthquakes,STA_17,60.0,20.0,proxy_curated_subset,earthquake event,validation,563,-3.178914464996296e-09,1.0
ear_0084,earthquakes,STA_00,60.0,20.0,proxy_curated_subset,earthquake event,test,564,3.178914464996296e-09,1.0
ear_0085,earthquakes,STA_01,60.0,20.0,proxy_curated_subset,earthquake event,test,565,-2.3841857377249202e-09,1.0
ear_0086,earthquakes,STA_02,60.0,20.0,proxy_curated_subset,earthquake event,train,566,0.0,0.9999999403953552
ear_0087,earthquakes,STA_03,60.0,20.0,proxy_curated_subset,earthquake event,train,567,6.357828929992593e-09,1.0
ear_0088,earthquakes,STA_04,60.0,20.0,proxy_curated_subset,earthquake event,train,568,-6.357828929992593e-09,1.0
ear_0089,earthquakes,STA_05,60.0,20.0,proxy_curated_subset,earthquake event,test,569,3.178914464996296e-09,1.0
ear_0090,earthquakes,STA_06,60.0,20.0,proxy_curated_subset,earthquake event,train,570,3.178914464996296e-09,1.0
ear_0091,earthquakes,STA_07,60.0,20.0,proxy_curated_subset,earthquake event,train,571,0.0,1.0
ear_0092,earthquakes,STA_08,60.0,20.0,proxy_curated_subset,earthquake event,test,572,-1.589457232498148e-09,1.0
ear_0093,earthquakes,STA_09,60.0,20.0,proxy_curated_subset,earthquake event,train,573,3.178914464996296e-09,1.0
ear_0094,earthquakes,STA_10,60.0,20.0,proxy_curated_subset,earthquake event,train,574,-3.178914464996296e-09,1.0
ear_0095,earthquakes,STA_11,60.0,20.0,proxy_curated_subset,earthquake event,validation,575,-1.589457232498148e-09,1.0
ear_0096,earthquakes,STA_12,60.0,20.0,proxy_curated_subset,earthquake event,train,576,-3.178914464996296e-09,1.0
ear_0097,earthquakes,STA_13,60.0,20.0,proxy_curated_subset,earthquake event,validation,577,-6.357828929992593e-09,1.0
ear_0098,earthquakes,STA_14,60.0,20.0,proxy_curated_subset,earthquake event,validation,578,-6.357828929992593e-09,1.0
ear_0099,earthquakes,STA_15,60.0,20.0,proxy_curated_subset,earthquake event,train,579,6.357828929992593e-09,0.9999999403953552
ear_0100,earthquakes,STA_16,60.0,20.0,proxy_curated_subset,earthquake event,train,580,1.589457232498148e-09,1.0
ear_0101,earthquakes,STA_17,60.0,20.0,proxy_curated_subset,earthquake event,validation,581,6.357828929992593e-09,1.0
ear_0102,earthquakes,STA_00,60.0,20.0,proxy_curated_subset,earthquake event,test,582,0.0,1.0
ear_0103,earthquakes,STA_01,60.0,20.0,proxy_curated_subset,earthquake event,test,583,-7.94728616249074e-10,1.0
ear_0104,earthquakes,STA_02,60.0,20.0,proxy_curated_subset,earthquake event,train,584,0.0,1.0
ear_0105,earthquakes,STA_03,60.0,20.0,proxy_curated_subset,earthquake event,train,585,-6.357828929992593e-09,0.9999999403953552
ear_0106,earthquakes,STA_04,60.0,20.0,proxy_curated_subset,earthquake event,train,586,3.178914464996296e-09,1.0
ear_0107,earthquakes,STA_05,60.0,20.0,proxy_curated_subset,earthquake event,test,587,3.178914464996296e-09,1.0
ear_0108,earthquakes,STA_06,60.0,20.0,proxy_curated_subset,earthquake event,train,588,-1.589457232498148e-09,1.0
ear_0109,earthquakes,STA_07,60.0,20.0,proxy_curated_subset,earthquake event,train,589,0.0,1.0
ear_0110,earthquakes,STA_08,60.0,20.0,proxy_curated_subset,earthquake event,test,590,0.0,1.0
ear_0111,earthquakes,STA_09,60.0,20.0,proxy_curated_subset,earthquake event,train,591,-3.178914464996296e-09,1.0
ear_0112,earthquakes,STA_10,60.0,20.0,proxy_curated_subset,earthquake event,train,592,0.0,1.0
ear_0113,earthquakes,STA_11,60.0,20.0,proxy_curated_subset,earthquake event,validation,593,0.0,1.0
ear_0114,earthquakes,STA_12,60.0,20.0,proxy_curated_subset,earthquake event,train,594,-3.178914464996296e-09,1.0
ear_0115,earthquakes,STA_13,60.0,20.0,proxy_curated_subset,earthquake event,validation,595,3.178914464996296e-09,1.0
ear_0116,earthquakes,STA_14,60.0,20.0,proxy_curated_subset,earthquake event,validation,596,0.0,1.0
ear_0117,earthquakes,STA_15,60.0,20.0,proxy_curated_subset,earthquake event,train,597,1.589457232498148e-09,1.0
ear_0118,earthquakes,STA_16,60.0,20.0,proxy_curated_subset,earthquake event,train,598,9.536742950899681e-09,1.0
ear_0119,earthquakes,STA_17,60.0,20.0,proxy_curated_subset,earthquake event,validation,599,3.178914464996296e-09,1.0
ear_0120,earthquakes,STA_00,60.0,20.0,proxy_curated_subset,earthquake event,test,600,3.178914464996296e-09,1.0
ear_0121,earthquakes,STA_01,60.0,20.0,proxy_curated_subset,earthquake event,test,601,0.0,1.0
ear_0122,earthquakes,STA_02,60.0,20.0,proxy_curated_subset,earthquake event,train,602,-3.178914464996296e-09,1.0
ear_0123,earthquakes,STA_03,60.0,20.0,proxy_curated_subset,earthquake event,train,603,6.357828929992593e-09,1.0
ear_0124,earthquakes,STA_04,60.0,20.0,proxy_curated_subset,earthquake event,train,604,0.0,1.0
ear_0125,earthquakes,STA_05,60.0,20.0,proxy_curated_subset,earthquake event,test,605,3.178914464996296e-09,1.0
ear_0126,earthquakes,STA_06,60.0,20.0,proxy_curated_subset,earthquake event,train,606,4.7683714754498405e-09,1.0
ear_0127,earthquakes,STA_07,60.0,20.0,proxy_curated_subset,earthquake event,train,607,-2.781550101360608e-09,1.0
ear_0128,earthquakes,STA_08,60.0,20.0,proxy_curated_subset,earthquake event,test,608,-3.178914464996296e-09,1.0
ear_0129,earthquakes,STA_09,60.0,20.0,proxy_curated_subset,earthquake event,train,609,3.178914464996296e-09,1.0
ear_0130,earthquakes,STA_10,60.0,20.0,proxy_curated_subset,earthquake event,train,610,-6.357828929992593e-09,1.0
ear_0131,earthquakes,STA_11,60.0,20.0,proxy_curated_subset,earthquake event,validation,611,-1.589457232498148e-09,1.0
ear_0132,earthquakes,STA_12,60.0,20.0,proxy_curated_subset,earthquake event,train,612,-1.2715657859985184e-08,1.0
ear_0133,earthquakes,STA_13,60.0,20.0,proxy_curated_subset,earthquake event,validation,613,0.0,1.0
ear_0134,earthquakes,STA_14,60.0,20.0,proxy_curated_subset,earthquake event,validation,614,3.178914464996296e-09,1.0
ear_0135,earthquakes,STA_15,60.0,20.0,proxy_curated_subset,earthquake event,train,615,4.7683714754498405e-09,1.0
ear_0136,earthquakes,STA_16,60.0,20.0,proxy_curated_subset,earthquake event,train,616,4.7683714754498405e-09,1.0
ear_0137,earthquakes,STA_17,60.0,20.0,proxy_curated_subset,earthquake event,validation,617,3.973643192267673e-09,1.0
ear_0138,earthquakes,STA_00,60.0,20.0,proxy_curated_subset,earthquake event,test,618,0.0,1.0
ear_0139,earthquakes,STA_01,60.0,20.0,proxy_curated_subset,earthquake event,test,619,0.0,1.0
ear_0140,earthquakes,STA_02,60.0,20.0,proxy_curated_subset,earthquake event,train,620,0.0,1.0
ear_0141,earthquakes,STA_03,60.0,20.0,proxy_curated_subset,earthquake event,train,621,1.589457232498148e-09,1.0
ear_0142,earthquakes,STA_04,60.0,20.0,proxy_curated_subset,earthquake event,train,622,3.178914464996296e-09,1.0
ear_0143,earthquakes,STA_05,60.0,20.0,proxy_curated_subset,earthquake event,test,623,3.178914464996296e-09,1.0
ear_0144,earthquakes,STA_06,60.0,20.0,proxy_curated_subset,earthquake event,train,624,6.357828929992593e-09,1.0
ear_0145,earthquakes,STA_07,60.0,20.0,proxy_curated_subset,earthquake event,train,625,-3.973643192267673e-09,1.0
ear_0146,earthquakes,STA_08,60.0,20.0,proxy_curated_subset,earthquake event,test,626,-6.357828929992593e-09,1.0
ear_0147,earthquakes,STA_09,60.0,20.0,proxy_curated_subset,earthquake event,train,627,-7.947286384535346e-09,1.0
ear_0148,earthquakes,STA_10,60.0,20.0,proxy_curated_subset,earthquake event,train,628,0.0,1.0
ear_0149,earthquakes,STA_11,60.0,20.0,proxy_curated_subset,earthquake event,validation,629,-1.589457232498148e-09,1.0
ear_0150,earthquakes,STA_12,60.0,20.0,proxy_curated_subset,earthquake event,train,630,-7.947286384535346e-09,1.0
ear_0151,earthquakes,STA_13,60.0,20.0,proxy_curated_subset,earthquake event,validation,631,0.0,1.0
ear_0152,earthquakes,STA_14,60.0,20.0,proxy_curated_subset,earthquake event,validation,632,4.7683714754498405e-09,1.0
ear_0153,earthquakes,STA_15,60.0,20.0,proxy_curated_subset,earthquake event,train,633,1.589457232498148e-09,1.0
ear_0154,earthquakes,STA_16,60.0,20.0,proxy_curated_subset,earthquake event,train,634,-1.589457232498148e-09,1.0
ear_0155,earthquakes,STA_17,60.0,20.0,proxy_curated_subset,earthquake event,validation,635,3.178914464996296e-09,1.0
ear_0156,earthquakes,STA_00,60.0,20.0,proxy_curated_subset,earthquake event,test,636,1.589457232498148e-09,1.0
ear_0157,earthquakes,STA_01,60.0,20.0,proxy_curated_subset,earthquake event,test,637,0.0,1.0
ear_0158,earthquakes,STA_02,60.0,20.0,proxy_curated_subset,earthquake event,train,638,-6.357828929992593e-09,1.0
ear_0159,earthquakes,STA_03,60.0,20.0,proxy_curated_subset,earthquake event,train,639,3.178914464996296e-09,1.0
ear_0160,earthquakes,STA_04,60.0,20.0,proxy_curated_subset,earthquake event,train,640,-2.781550101360608e-09,1.0
ear_0161,earthquakes,STA_05,60.0,20.0,proxy_curated_subset,earthquake event,test,641,0.0,1.0
ear_0162,earthquakes,STA_06,60.0,20.0,proxy_curated_subset,earthquake event,train,642,0.0,1.0
ear_0163,earthquakes,STA_07,60.0,20.0,proxy_curated_subset,earthquake event,train,643,3.178914464996296e-09,1.0
ear_0164,earthquakes,STA_08,60.0,20.0,proxy_curated_subset,earthquake event,test,644,-3.973643192267673e-09,1.0
ear_0165,earthquakes,STA_09,60.0,20.0,proxy_curated_subset,earthquake event,train,645,-3.178914464996296e-09,1.0
ear_0166,earthquakes,STA_10,60.0,20.0,proxy_curated_subset,earthquake event,train,646,3.178914464996296e-09,1.0
ear_0167,earthquakes,STA_11,60.0,20.0,proxy_curated_subset,earthquake event,validation,647,3.178914464996296e-09,1.0
ear_0168,earthquakes,STA_12,60.0,20.0,proxy_curated_subset,earthquake event,train,648,0.0,1.0
ear_0169,earthquakes,STA_13,60.0,20.0,proxy_curated_subset,earthquake event,validation,649,0.0,1.0
ear_0170,earthquakes,STA_14,60.0,20.0,proxy_curated_subset,earthquake event,validation,650,6.357828929992593e-09,1.0
ear_0171,earthquakes,STA_15,60.0,20.0,proxy_curated_subset,earthquake event,train,651,-6.357828929992593e-09,1.0
ear_0172,earthquakes,STA_16,60.0,20.0,proxy_curated_subset,earthquake event,train,652,-3.178914464996296e-09,1.0
ear_0173,earthquakes,STA_17,60.0,20.0,proxy_curated_subset,earthquake event,validation,653,-3.178914464996296e-09,1.0
ear_0174,earthquakes,STA_00,60.0,20.0,proxy_curated_subset,earthquake event,test,654,0.0,1.0
ear_0175,earthquakes,STA_01,60.0,20.0,proxy_curated_subset,earthquake event,test,655,0.0,1.0
ear_0176,earthquakes,STA_02,60.0,20.0,proxy_curated_subset,earthquake event,train,656,1.589457232498148e-09,1.0
ear_0177,earthquakes,STA_03,60.0,20.0,proxy_curated_subset,earthquake event,train,657,6.357828929992593e-09,1.0
ear_0178,earthquakes,STA_04,60.0,20.0,proxy_curated_subset,earthquake event,train,658,7.94728616249074e-10,1.0
ear_0179,earthquakes,STA_05,60.0,20.0,proxy_curated_subset,earthquake event,test,659,0.0,1.0
ear_0180,earthquakes,STA_06,60.0,20.0,proxy_curated_subset,earthquake event,train,660,7.94728616249074e-10,1.0
ear_0181,earthquakes,STA_07,60.0,20.0,proxy_curated_subset,earthquake event,train,661,3.178914464996296e-09,1.0
ear_0182,earthquakes,STA_08,60.0,20.0,proxy_curated_subset,earthquake event,test,662,0.0,1.0
ear_0183,earthquakes,STA_09,60.0,20.0,proxy_curated_subset,earthquake event,train,663,-6.357828929992593e-09,1.0
ear_0184,earthquakes,STA_10,60.0,20.0,proxy_curated_subset,earthquake event,train,664,-3.178914464996296e-09,1.0
ear_0185,earthquakes,STA_11,60.0,20.0,proxy_curated_subset,earthquake event,validation,665,0.0,1.0
ear_0186,earthquakes,STA_12,60.0,20.0,proxy_curated_subset,earthquake event,train,666,0.0,1.0
ear_0187,earthquakes,STA_13,60.0,20.0,proxy_curated_subset,earthquake event,validation,667,4.371007111814151e-09,1.0
ear_0188,earthquakes,STA_14,60.0,20.0,proxy_curated_subset,earthquake event,validation,668,3.178914464996296e-09,1.0
ear_0189,earthquakes,STA_15,60.0,20.0,proxy_curated_subset,earthquake event,train,669,-6.357828929992593e-09,1.0
ear_0190,earthquakes,STA_16,60.0,20.0,proxy_curated_subset,earthquake event,train,670,1.589457232498148e-09,1.0
ear_0191,earthquakes,STA_17,60.0,20.0,proxy_curated_subset,earthquake event,validation,671,0.0,1.0
ear_0192,earthquakes,STA_00,60.0,20.0,proxy_curated_subset,earthquake event,test,672,3.178914464996296e-09,1.0
ear_0193,earthquakes,STA_01,60.0,20.0,proxy_curated_subset,earthquake event,test,673,0.0,1.0
ear_0194,earthquakes,STA_02,60.0,20.0,proxy_curated_subset,earthquake event,train,674,3.178914464996296e-09,1.0
ear_0195,earthquakes,STA_03,60.0,20.0,proxy_curated_subset,earthquake event,train,675,-3.178914464996296e-09,1.0
ear_0196,earthquakes,STA_04,60.0,20.0,proxy_curated_subset,earthquake event,train,676,0.0,0.9999999403953552
ear_0197,earthquakes,STA_05,60.0,20.0,proxy_curated_subset,earthquake event,test,677,-3.178914464996296e-09,1.0
ear_0198,earthquakes,STA_06,60.0,20.0,proxy_curated_subset,earthquake event,train,678,-3.178914464996296e-09,0.9999999403953552
ear_0199,earthquakes,STA_07,60.0,20.0,proxy_curated_subset,earthquake event,train,679,3.178914464996296e-09,1.0
ear_0200,earthquakes,STA_08,60.0,20.0,proxy_curated_subset,earthquake event,test,680,3.178914464996296e-09,1.0
ear_0201,earthquakes,STA_09,60.0,20.0,proxy_curated_subset,earthquake event,train,681,-3.178914464996296e-09,1.0
ear_0202,earthquakes,STA_10,60.0,20.0,proxy_curated_subset,earthquake event,train,682,-3.973643192267673e-09,1.0
ear_0203,earthquakes,STA_11,60.0,20.0,proxy_curated_subset,earthquake event,validation,683,-3.178914464996296e-09,1.0
ear_0204,earthquakes,STA_12,60.0,20.0,proxy_curated_subset,earthquake event,train,684,3.178914464996296e-09,1.0
ear_0205,earthquakes,STA_13,60.0,20.0,proxy_curated_subset,earthquake event,validation,685,-6.357828929992593e-09,1.0
ear_0206,earthquakes,STA_14,60.0,20.0,proxy_curated_subset,earthquake event,validation,686,3.178914464996296e-09,1.0
ear_0207,earthquakes,STA_15,60.0,20.0,proxy_curated_subset,earthquake event,train,687,6.357828929992593e-09,1.0
ear_0208,earthquakes,STA_16,60.0,20.0,proxy_curated_subset,earthquake event,train,688,0.0,1.0
ear_0209,earthquakes,STA_17,60.0,20.0,proxy_curated_subset,earthquake event,validation,689,0.0,1.0
ear_0210,earthquakes,STA_00,60.0,20.0,proxy_curated_subset,earthquake event,test,690,-6.357828929992593e-09,1.0
ear_0211,earthquakes,STA_01,60.0,20.0,proxy_curated_subset,earthquake event,test,691,-4.7683714754498405e-09,1.0
ear_0212,earthquakes,STA_02,60.0,20.0,proxy_curated_subset,earthquake event,train,692,0.0,1.0
ear_0213,earthquakes,STA_03,60.0,20.0,proxy_curated_subset,earthquake event,train,693,3.178914464996296e-09,1.0
ear_0214,earthquakes,STA_04,60.0,20.0,proxy_curated_subset,earthquake event,train,694,-1.589457232498148e-09,1.0
ear_0215,earthquakes,STA_05,60.0,20.0,proxy_curated_subset,earthquake event,test,695,4.7683714754498405e-09,1.0
ear_0216,earthquakes,STA_06,60.0,20.0,proxy_curated_subset,earthquake event,train,696,-6.357828929992593e-09,1.0
ear_0217,earthquakes,STA_07,60.0,20.0,proxy_curated_subset,earthquake event,train,697,-7.94728616249074e-10,1.0
ear_0218,earthquakes,STA_08,60.0,20.0,proxy_curated_subset,earthquake event,test,698,-3.178914464996296e-09,0.9999999403953552
ear_0219,earthquakes,STA_09,60.0,20.0,proxy_curated_subset,earthquake event,train,699,9.536742950899681e-09,0.9999999403953552
ear_0220,earthquakes,STA_10,60.0,20.0,proxy_curated_subset,earthquake event,train,700,-1.589457232498148e-09,1.0
ear_0221,earthquakes,STA_11,60.0,20.0,proxy_curated_subset,earthquake event,validation,701,0.0,1.0
ear_0222,earthquakes,STA_12,60.0,20.0,proxy_curated_subset,earthquake event,train,702,3.178914464996296e-09,1.0
ear_0223,earthquakes,STA_13,60.0,20.0,proxy_curated_subset,earthquake event,validation,703,4.7683714754498405e-09,1.0
ear_0224,earthquakes,STA_14,60.0,20.0,proxy_curated_subset,earthquake event,validation,704,-3.178914464996296e-09,1.0
ear_0225,earthquakes,STA_15,60.0,20.0,proxy_curated_subset,earthquake event,train,705,6.357828929992593e-09,1.0
ear_0226,earthquakes,STA_16,60.0,20.0,proxy_curated_subset,earthquake event,train,706,-3.178914464996296e-09,1.0
ear_0227,earthquakes,STA_17,60.0,20.0,proxy_curated_subset,earthquake event,validation,707,0.0,1.0
ear_0228,earthquakes,STA_00,60.0,20.0,proxy_curated_subset,earthquake event,test,708,-6.357828929992593e-09,1.0
ear_0229,earthquakes,STA_01,60.0,20.0,proxy_curated_subset,earthquake event,test,709,-7.947286384535346e-09,1.0
ear_0230,earthquakes,STA_02,60.0,20.0,proxy_curated_subset,earthquake event,train,710,-3.178914464996296e-09,1.0
ear_0231,earthquakes,STA_03,60.0,20.0,proxy_curated_subset,earthquake event,train,711,3.178914464996296e-09,1.0
ear_0232,earthquakes,STA_04,60.0,20.0,proxy_curated_subset,earthquake event,train,712,-3.178914464996296e-09,1.0
ear_0233,earthquakes,STA_05,60.0,20.0,proxy_curated_subset,earthquake event,test,713,1.589457232498148e-09,1.0
ear_0234,earthquakes,STA_06,60.0,20.0,proxy_curated_subset,earthquake event,train,714,-6.357828929992593e-09,1.0
ear_0235,earthquakes,STA_07,60.0,20.0,proxy_curated_subset,earthquake event,train,715,-6.357828929992593e-09,1.0
ear_0236,earthquakes,STA_08,60.0,20.0,proxy_curated_subset,earthquake event,test,716,4.7683714754498405e-09,0.9999999403953552
ear_0237,earthquakes,STA_09,60.0,20.0,proxy_curated_subset,earthquake event,train,717,0.0,1.0
ear_0238,earthquakes,STA_10,60.0,20.0,proxy_curated_subset,earthquake event,train,718,-7.94728616249074e-10,1.0
ear_0239,earthquakes,STA_11,60.0,20.0,proxy_curated_subset,earthquake event,validation,719,3.178914464996296e-09,1.0
